team_name,age_group,gender,source,points,state,rank,url,provider
ARFC 2016G Loebach,U10,Female,GotSport Rankings,0,AR,11,https://system.gotsport.com/api/v1/team_ranking_data?search[team_country]=USA&search[age]=10&search[gender]=f&search[page]=58,GotSport
ARFC 2016 G Humphries,U10,Female,GotSport Rankings,0,AR,13,https://system.gotsport.com/api/v1/team_ranking_data?search[team_country]=USA&search[age]=10&search[gender]=f&search[page]=61,GotSport
SS ACADEMY 2016G BLACK PRE SELECT,U10,Female,GotSport Rankings,0,AR,14,https://system.gotsport.com/api/v1/team_ranking_data?search[team_country]=USA&search[age]=10&search[gender]=f&search[page]=42,GotSport
NEA SC 2016 Boys- Black,U10,Male,GotSport Rankings,0,AR,7,https://system.gotsport.com/api/v1/team_ranking_data?search[team_country]=USA&search[age]=10&search[gender]=m&search[page]=116,GotSport
2016B Paragould Predators,U10,Male,GotSport Rankings,0,AR,8,https://system.gotsport.com/api/v1/team_ranking_data?search[team_country]=USA&search[age]=10&search[gender]=m&search[page]=54,GotSport
870FC 2016 Boys,U10,Male,GotSport Rankings,0,AR,8,https://system.gotsport.com/api/v1/team_ranking_data?search[team_country]=USA&search[age]=10&search[gender]=m&search[page]=97,GotSport
ARFC 2016 B Heckendorf,U10,Male,GotSport Rankings,0,AR,8,https://system.gotsport.com/api/v1/team_ranking_data?search[team_country]=USA&search[age]=10&search[gender]=m&search[page]=87,GotSport
ARFC 2016B Jurgenson,U10,Male,GotSport Rankings,0,AR,16,https://system.gotsport.com/api/v1/team_ranking_data?search[team_country]=USA&search[age]=10&search[gender]=m&search[page]=11,GotSport
ARFC 2015G Westbrook,U11,Female,GotSport Rankings,0,AR,3,https://system.gotsport.com/api/v1/team_ranking_data?search[team_country]=USA&search[age]=11&search[gender]=f&search[page]=53,GotSport
2015-16 TLG/NASA Girls,U11,Female,GotSport Rankings,0,AR,4,https://system.gotsport.com/api/v1/team_ranking_data?search[team_country]=USA&search[age]=11&search[gender]=f&search[page]=237,GotSport
Arkansas Lady Legends 2015/14,U11,Female,GotSport Rankings,0,AR,4,https://system.gotsport.com/api/v1/team_ranking_data?search[team_country]=USA&search[age]=11&search[gender]=f&search[page]=106,GotSport
Sporting Arkansas 2015G Sydney FC,U11,Female,GotSport Rankings,0,AR,5,https://system.gotsport.com/api/v1/team_ranking_data?search[team_country]=USA&search[age]=11&search[gender]=f&search[page]=119,GotSport
Arkansas Comets 2015G Red,U11,Female,GotSport Rankings,0,AR,6,https://system.gotsport.com/api/v1/team_ranking_data?search[team_country]=USA&search[age]=11&search[gender]=f&search[page]=159,GotSport
F.C. Horizon 2015 Girls Green,U11,Female,GotSport Rankings,0,AR,7,https://system.gotsport.com/api/v1/team_ranking_data?search[team_country]=USA&search[age]=11&search[gender]=f&search[page]=224,GotSport
ARFC 2015G Chism,U11,Female,GotSport Rankings,0,AR,9,https://system.gotsport.com/api/v1/team_ranking_data?search[team_country]=USA&search[age]=11&search[gender]=f&search[page]=53,GotSport
870FC 2015 Girls,U11,Female,GotSport Rankings,0,AR,10,https://system.gotsport.com/api/v1/team_ranking_data?search[team_country]=USA&search[age]=11&search[gender]=f&search[page]=185,GotSport
River Valley Football Club Academy,U11,Female,GotSport Rankings,0,AR,14,https://system.gotsport.com/api/v1/team_ranking_data?search[team_country]=USA&search[age]=11&search[gender]=f&search[page]=228,GotSport
SS ACADEMY 2015G PRE SELECT,U11,Female,GotSport Rankings,0,AR,14,https://system.gotsport.com/api/v1/team_ranking_data?search[team_country]=USA&search[age]=11&search[gender]=f&search[page]=134,GotSport
Advantage Academy 2015 Girls Elite,U11,Female,GotSport Rankings,0,AR,17,https://system.gotsport.com/api/v1/team_ranking_data?search[team_country]=USA&search[age]=11&search[gender]=f&search[page]=134,GotSport
Texarkana SC 15G,U11,Female,GotSport Rankings,0,AR,17,https://system.gotsport.com/api/v1/team_ranking_data?search[team_country]=USA&search[age]=11&search[gender]=f&search[page]=69,GotSport
Mbb 2015 Girls,U11,Female,GotSport Rankings,0,AR,18,https://system.gotsport.com/api/v1/team_ranking_data?search[team_country]=USA&search[age]=11&search[gender]=f&search[page]=78,GotSport
SS Academy 2014G Select,U11,Female,GotSport Rankings,0,AR,19,https://system.gotsport.com/api/v1/team_ranking_data?search[team_country]=USA&search[age]=11&search[gender]=f&search[page]=138,GotSport
Arkansas Comets 2015G Pre ECNL,U11,Female,GotSport Rankings,0,AR,20,https://system.gotsport.com/api/v1/team_ranking_data?search[team_country]=USA&search[age]=11&search[gender]=f&search[page]=164,GotSport
Sporting Arkansas 2015G AS Roma,U11,Female,GotSport Rankings,0,AR,20,https://system.gotsport.com/api/v1/team_ranking_data?search[team_country]=USA&search[age]=11&search[gender]=f&search[page]=186,GotSport
ARFC 2015B Martinez,U11,Male,GotSport Rankings,0,AR,1,https://system.gotsport.com/api/v1/team_ranking_data?search[team_country]=USA&search[age]=11&search[gender]=m&search[page]=217,GotSport
SS Academy 2014B Select,U11,Male,GotSport Rankings,0,AR,1,https://system.gotsport.com/api/v1/team_ranking_data?search[team_country]=USA&search[age]=11&search[gender]=m&search[page]=260,GotSport
Sporting Arkansas 2015B AFC Richmond,U11,Male,GotSport Rankings,0,AR,5,https://system.gotsport.com/api/v1/team_ranking_data?search[team_country]=USA&search[age]=11&search[gender]=m&search[page]=182,GotSport
Sporting Arkansas 2015B Leeds United,U11,Male,GotSport Rankings,0,AR,5,https://system.gotsport.com/api/v1/team_ranking_data?search[team_country]=USA&search[age]=11&search[gender]=m&search[page]=332,GotSport
Spa City FC 2015,U11,Male,GotSport Rankings,0,AR,6,https://system.gotsport.com/api/v1/team_ranking_data?search[team_country]=USA&search[age]=11&search[gender]=m&search[page]=418,GotSport
Sporting Arkansas 2015B Newcastle,U11,Male,GotSport Rankings,0,AR,6,https://system.gotsport.com/api/v1/team_ranking_data?search[team_country]=USA&search[age]=11&search[gender]=m&search[page]=332,GotSport
Advantage Academy 2015 Boys Elite,U11,Male,GotSport Rankings,0,AR,7,https://system.gotsport.com/api/v1/team_ranking_data?search[team_country]=USA&search[age]=11&search[gender]=m&search[page]=93,GotSport
Little Rock Rangers 2015 Boys Red,U11,Male,GotSport Rankings,0,AR,7,https://system.gotsport.com/api/v1/team_ranking_data?search[team_country]=USA&search[age]=11&search[gender]=m&search[page]=94,GotSport
Sporting Arkansas 2015B Porto,U11,Male,GotSport Rankings,0,AR,7,https://system.gotsport.com/api/v1/team_ranking_data?search[team_country]=USA&search[age]=11&search[gender]=m&search[page]=332,GotSport
Arkansas Rising 2015 Boys - Pre-RL,U11,Male,GotSport Rankings,0,AR,8,https://system.gotsport.com/api/v1/team_ranking_data?search[team_country]=USA&search[age]=11&search[gender]=m&search[page]=198,GotSport
AR Rising 2014B Pre-RL,U11,Male,GotSport Rankings,0,AR,9,https://system.gotsport.com/api/v1/team_ranking_data?search[team_country]=USA&search[age]=11&search[gender]=m&search[page]=284,GotSport
Tigres 2015,U11,Male,GotSport Rankings,0,AR,11,https://system.gotsport.com/api/v1/team_ranking_data?search[team_country]=USA&search[age]=11&search[gender]=m&search[page]=235,GotSport
Arkansas Comets 2015B Navy,U11,Male,GotSport Rankings,0,AR,12,https://system.gotsport.com/api/v1/team_ranking_data?search[team_country]=USA&search[age]=11&search[gender]=m&search[page]=372,GotSport
ARFC 2015B Pina,U11,Male,GotSport Rankings,0,AR,13,https://system.gotsport.com/api/v1/team_ranking_data?search[team_country]=USA&search[age]=11&search[gender]=m&search[page]=215,GotSport
F.C. Horizon 2015 Boys Green,U11,Male,GotSport Rankings,0,AR,13,https://system.gotsport.com/api/v1/team_ranking_data?search[team_country]=USA&search[age]=11&search[gender]=m&search[page]=45,GotSport
SS ACADEMY 2015B PRE SELECT GREY,U11,Male,GotSport Rankings,0,AR,14,https://system.gotsport.com/api/v1/team_ranking_data?search[team_country]=USA&search[age]=11&search[gender]=m&search[page]=369,GotSport
Arkansas Comets 2015B Pre ECNL,U11,Male,GotSport Rankings,0,AR,15,https://system.gotsport.com/api/v1/team_ranking_data?search[team_country]=USA&search[age]=11&search[gender]=m&search[page]=78,GotSport
AFC Benton Wolverines 2015 Boys,U11,Male,GotSport Rankings,0,AR,17,https://system.gotsport.com/api/v1/team_ranking_data?search[team_country]=USA&search[age]=11&search[gender]=m&search[page]=182,GotSport
Arkansas Comets 2015B White,U11,Male,GotSport Rankings,0,AR,17,https://system.gotsport.com/api/v1/team_ranking_data?search[team_country]=USA&search[age]=11&search[gender]=m&search[page]=217,GotSport
Sporting Arkansas 2015B Santos,U11,Male,GotSport Rankings,0,AR,18,https://system.gotsport.com/api/v1/team_ranking_data?search[team_country]=USA&search[age]=11&search[gender]=m&search[page]=280,GotSport
SS ACADEMY 2015B PRE SELECT BLACK,U11,Male,GotSport Rankings,0,AR,20,https://system.gotsport.com/api/v1/team_ranking_data?search[team_country]=USA&search[age]=11&search[gender]=m&search[page]=413,GotSport
870FC 2014 Girls,U12,Female,GotSport Rankings,0,AR,1,https://system.gotsport.com/api/v1/team_ranking_data?search[team_country]=USA&search[age]=12&search[gender]=f&search[page]=103,GotSport
Arkansas Rising 2014 Girls - Navy,U12,Female,GotSport Rankings,0,AR,6,https://system.gotsport.com/api/v1/team_ranking_data?search[team_country]=USA&search[age]=12&search[gender]=f&search[page]=153,GotSport
SS ACADEMY 2014G SELECT,U12,Female,GotSport Rankings,0,AR,6,https://system.gotsport.com/api/v1/team_ranking_data?search[team_country]=USA&search[age]=12&search[gender]=f&search[page]=66,GotSport
Texarkana SC 14G,U12,Female,GotSport Rankings,0,AR,6,https://system.gotsport.com/api/v1/team_ranking_data?search[team_country]=USA&search[age]=12&search[gender]=f&search[page]=42,GotSport
Sporting Arkansas 2014G Valencia,U12,Female,GotSport Rankings,0,AR,7,https://system.gotsport.com/api/v1/team_ranking_data?search[team_country]=USA&search[age]=12&search[gender]=f&search[page]=121,GotSport
2014/2015 G Paragould Predators,U12,Female,GotSport Rankings,0,AR,8,https://system.gotsport.com/api/v1/team_ranking_data?search[team_country]=USA&search[age]=12&search[gender]=f&search[page]=230,GotSport
AFC Benton 2014 Classic Girls,U12,Female,GotSport Rankings,0,AR,8,https://system.gotsport.com/api/v1/team_ranking_data?search[team_country]=USA&search[age]=12&search[gender]=f&search[page]=135,GotSport
Arkansas Comets 2014G Pre ECNL,U12,Female,GotSport Rankings,0,AR,8,https://system.gotsport.com/api/v1/team_ranking_data?search[team_country]=USA&search[age]=12&search[gender]=f&search[page]=146,GotSport
Sporting Arkansas 2014G Barcelona,U12,Female,GotSport Rankings,0,AR,9,https://system.gotsport.com/api/v1/team_ranking_data?search[team_country]=USA&search[age]=12&search[gender]=f&search[page]=47,GotSport
Bentonville Prodigy FC 14/15 Girls,U12,Female,GotSport Rankings,0,AR,10,https://system.gotsport.com/api/v1/team_ranking_data?search[team_country]=USA&search[age]=12&search[gender]=f&search[page]=261,GotSport
FC Arkansas 14G Wright,U12,Female,GotSport Rankings,0,AR,10,https://system.gotsport.com/api/v1/team_ranking_data?search[team_country]=USA&search[age]=12&search[gender]=f&search[page]=114,GotSport
NEA SC 2014/15/16 Girls - White,U12,Female,GotSport Rankings,0,AR,10,https://system.gotsport.com/api/v1/team_ranking_data?search[team_country]=USA&search[age]=12&search[gender]=f&search[page]=226,GotSport
Arkansas Rising 2015 Girls - Pre-RL,U12,Female,GotSport Rankings,0,AR,13,https://system.gotsport.com/api/v1/team_ranking_data?search[team_country]=USA&search[age]=12&search[gender]=f&search[page]=48,GotSport
Arkansas Rising Pre ECNL G13,U12,Female,GotSport Rankings,0,AR,14,https://system.gotsport.com/api/v1/team_ranking_data?search[team_country]=USA&search[age]=12&search[gender]=f&search[page]=43,GotSport
F.C. Horizon 2014 Girls Green,U12,Female,GotSport Rankings,0,AR,14,https://system.gotsport.com/api/v1/team_ranking_data?search[team_country]=USA&search[age]=12&search[gender]=f&search[page]=95,GotSport
Little Rock Rangers 2014 Girls,U12,Female,GotSport Rankings,0,AR,15,https://system.gotsport.com/api/v1/team_ranking_data?search[team_country]=USA&search[age]=12&search[gender]=f&search[page]=47,GotSport
AVSA 2014 Girls Comp,U12,Female,GotSport Rankings,0,AR,16,https://system.gotsport.com/api/v1/team_ranking_data?search[team_country]=USA&search[age]=12&search[gender]=f&search[page]=223,GotSport
CASC 2014G - Lions,U12,Female,GotSport Rankings,0,AR,16,https://system.gotsport.com/api/v1/team_ranking_data?search[team_country]=USA&search[age]=12&search[gender]=f&search[page]=52,GotSport
Advantage Academy 2014 Girls,U12,Female,GotSport Rankings,0,AR,17,https://system.gotsport.com/api/v1/team_ranking_data?search[team_country]=USA&search[age]=12&search[gender]=f&search[page]=182,GotSport
ARFC 2014G Brown/Humphries,U12,Female,GotSport Rankings,0,AR,19,https://system.gotsport.com/api/v1/team_ranking_data?search[team_country]=USA&search[age]=12&search[gender]=f&search[page]=245,GotSport
Arkansas Rising 2014/15 Girls - Gold,U12,Female,GotSport Rankings,0,AR,19,https://system.gotsport.com/api/v1/team_ranking_data?search[team_country]=USA&search[age]=12&search[gender]=f&search[page]=210,GotSport
FC Horizon 2014B Green,U12,Male,GotSport Rankings,0,AR,1,https://system.gotsport.com/api/v1/team_ranking_data?search[team_country]=USA&search[age]=12&search[gender]=m&search[page]=281,GotSport
Sporting Arkansas 2014B Dortmund,U12,Male,GotSport Rankings,0,AR,1,https://system.gotsport.com/api/v1/team_ranking_data?search[team_country]=USA&search[age]=12&search[gender]=m&search[page]=293,GotSport
Texarkana SC 14 B,U12,Male,GotSport Rankings,0,AR,1,https://system.gotsport.com/api/v1/team_ranking_data?search[team_country]=USA&search[age]=12&search[gender]=m&search[page]=258,GotSport
Tigres Academy 2014 Premier,U12,Male,GotSport Rankings,0,AR,2,https://system.gotsport.com/api/v1/team_ranking_data?search[team_country]=USA&search[age]=12&search[gender]=m&search[page]=302,GotSport
Sporting Arkansas 2014B Aston Villa,U12,Male,GotSport Rankings,0,AR,3,https://system.gotsport.com/api/v1/team_ranking_data?search[team_country]=USA&search[age]=12&search[gender]=m&search[page]=107,GotSport
AVSA 2014 Boys Comp,U12,Male,GotSport Rankings,0,AR,4,https://system.gotsport.com/api/v1/team_ranking_data?search[team_country]=USA&search[age]=12&search[gender]=m&search[page]=278,GotSport
Advantage Academy 2014 Boys Elite,U12,Male,GotSport Rankings,0,AR,4,https://system.gotsport.com/api/v1/team_ranking_data?search[team_country]=USA&search[age]=12&search[gender]=m&search[page]=95,GotSport
MBB 2014/2015 Boys,U12,Male,GotSport Rankings,0,AR,4,https://system.gotsport.com/api/v1/team_ranking_data?search[team_country]=USA&search[age]=12&search[gender]=m&search[page]=156,GotSport
ARFC 2014B Armah,U12,Male,GotSport Rankings,0,AR,5,https://system.gotsport.com/api/v1/team_ranking_data?search[team_country]=USA&search[age]=12&search[gender]=m&search[page]=82,GotSport
F.C. Horizon 2014 Boys Green,U12,Male,GotSport Rankings,0,AR,5,https://system.gotsport.com/api/v1/team_ranking_data?search[team_country]=USA&search[age]=12&search[gender]=m&search[page]=69,GotSport
2014B Paragould Predators,U12,Male,GotSport Rankings,0,AR,9,https://system.gotsport.com/api/v1/team_ranking_data?search[team_country]=USA&search[age]=12&search[gender]=m&search[page]=187,GotSport
Sporting Arkansas 2014B Wrexham,U12,Male,GotSport Rankings,0,AR,9,https://system.gotsport.com/api/v1/team_ranking_data?search[team_country]=USA&search[age]=12&search[gender]=m&search[page]=91,GotSport
Little Rock Rangers 2014 Boys Black,U12,Male,GotSport Rankings,0,AR,10,https://system.gotsport.com/api/v1/team_ranking_data?search[team_country]=USA&search[age]=12&search[gender]=m&search[page]=80,GotSport
Little Rock Rangers 2014 Boys Red,U12,Male,GotSport Rankings,0,AR,10,https://system.gotsport.com/api/v1/team_ranking_data?search[team_country]=USA&search[age]=12&search[gender]=m&search[page]=208,GotSport
NEA SC 2014 Boys - Red,U12,Male,GotSport Rankings,0,AR,10,https://system.gotsport.com/api/v1/team_ranking_data?search[team_country]=USA&search[age]=12&search[gender]=m&search[page]=347,GotSport
Tigres 2014 Azul,U12,Male,GotSport Rankings,0,AR,10,https://system.gotsport.com/api/v1/team_ranking_data?search[team_country]=USA&search[age]=12&search[gender]=m&search[page]=401,GotSport
870FC 2014 Boys,U12,Male,GotSport Rankings,0,AR,11,https://system.gotsport.com/api/v1/team_ranking_data?search[team_country]=USA&search[age]=12&search[gender]=m&search[page]=359,GotSport
AZ Arsenal Pre-ECNL RL B14,U12,Male,GotSport Rankings,0,AR,11,https://system.gotsport.com/api/v1/team_ranking_data?search[team_country]=USA&search[age]=12&search[gender]=m&search[page]=17,GotSport
CASC 2014B Arsenal,U12,Male,GotSport Rankings,0,AR,11,https://system.gotsport.com/api/v1/team_ranking_data?search[team_country]=USA&search[age]=12&search[gender]=m&search[page]=256,GotSport
ARFC 2014B Navy,U12,Male,GotSport Rankings,0,AR,12,https://system.gotsport.com/api/v1/team_ranking_data?search[team_country]=USA&search[age]=12&search[gender]=m&search[page]=434,GotSport
Arkansas Comets Ft Smith 2014B Premier,U12,Male,GotSport Rankings,0,AR,12,https://system.gotsport.com/api/v1/team_ranking_data?search[team_country]=USA&search[age]=12&search[gender]=m&search[page]=155,GotSport
SS ACADEMY 2014B SELECT,U12,Male,GotSport Rankings,0,AR,12,https://system.gotsport.com/api/v1/team_ranking_data?search[team_country]=USA&search[age]=12&search[gender]=m&search[page]=115,GotSport
Cabot FC - 2014 Red,U12,Male,GotSport Rankings,0,AR,13,https://system.gotsport.com/api/v1/team_ranking_data?search[team_country]=USA&search[age]=12&search[gender]=m&search[page]=184,GotSport
Tigres Academy 2014,U12,Male,GotSport Rankings,0,AR,13,https://system.gotsport.com/api/v1/team_ranking_data?search[team_country]=USA&search[age]=12&search[gender]=m&search[page]=201,GotSport
Arkansas Comets 2014B Navy,U12,Male,GotSport Rankings,0,AR,14,https://system.gotsport.com/api/v1/team_ranking_data?search[team_country]=USA&search[age]=12&search[gender]=m&search[page]=259,GotSport
Little Rock Rangers 2015 Boys Black,U12,Male,GotSport Rankings,0,AR,14,https://system.gotsport.com/api/v1/team_ranking_data?search[team_country]=USA&search[age]=12&search[gender]=m&search[page]=127,GotSport
Arkansas Comets 2014B Pre ECNL,U12,Male,GotSport Rankings,0,AR,15,https://system.gotsport.com/api/v1/team_ranking_data?search[team_country]=USA&search[age]=12&search[gender]=m&search[page]=141,GotSport
Arkansas Rising 2014 Boys - Gold,U12,Male,GotSport Rankings,0,AR,15,https://system.gotsport.com/api/v1/team_ranking_data?search[team_country]=USA&search[age]=12&search[gender]=m&search[page]=360,GotSport
Arkansas Rising 2014 Boys - Pre-RL,U12,Male,GotSport Rankings,0,AR,15,https://system.gotsport.com/api/v1/team_ranking_data?search[team_country]=USA&search[age]=12&search[gender]=m&search[page]=228,GotSport
CASC 2014B Gunners,U12,Male,GotSport Rankings,0,AR,15,https://system.gotsport.com/api/v1/team_ranking_data?search[team_country]=USA&search[age]=12&search[gender]=m&search[page]=207,GotSport
WYA 2014 Boys,U12,Male,GotSport Rankings,0,AR,15,https://system.gotsport.com/api/v1/team_ranking_data?search[team_country]=USA&search[age]=12&search[gender]=m&search[page]=317,GotSport
ARFC 2014 Boys Williams,U12,Male,GotSport Rankings,0,AR,16,https://system.gotsport.com/api/v1/team_ranking_data?search[team_country]=USA&search[age]=12&search[gender]=m&search[page]=177,GotSport
Arkansas Rising 2014 Boys - ACSL,U12,Male,GotSport Rankings,0,AR,16,https://system.gotsport.com/api/v1/team_ranking_data?search[team_country]=USA&search[age]=12&search[gender]=m&search[page]=280,GotSport
F.C. Horizon 2014 Boys Grey,U12,Male,GotSport Rankings,0,AR,16,https://system.gotsport.com/api/v1/team_ranking_data?search[team_country]=USA&search[age]=12&search[gender]=m&search[page]=390,GotSport
Arkansas Rising 2014 Boys - Navy,U12,Male,GotSport Rankings,0,AR,19,https://system.gotsport.com/api/v1/team_ranking_data?search[team_country]=USA&search[age]=12&search[gender]=m&search[page]=450,GotSport
Texarkana SC 13/14G,U13,Female,GotSport Rankings,0,AR,2,https://system.gotsport.com/api/v1/team_ranking_data?search[team_country]=USA&search[age]=13&search[gender]=f&search[page]=230,GotSport
ARFC 2013 Girls Zaharopoulos,U13,Female,GotSport Rankings,0,AR,3,https://system.gotsport.com/api/v1/team_ranking_data?search[team_country]=USA&search[age]=13&search[gender]=f&search[page]=61,GotSport
Advantage Academy 2013 Girls Elite,U13,Female,GotSport Rankings,0,AR,3,https://system.gotsport.com/api/v1/team_ranking_data?search[team_country]=USA&search[age]=13&search[gender]=f&search[page]=172,GotSport
AVSA 2013 Girls - Comp,U13,Female,GotSport Rankings,0,AR,6,https://system.gotsport.com/api/v1/team_ranking_data?search[team_country]=USA&search[age]=13&search[gender]=f&search[page]=177,GotSport
Texarkana SC 13G,U13,Female,GotSport Rankings,0,AR,6,https://system.gotsport.com/api/v1/team_ranking_data?search[team_country]=USA&search[age]=13&search[gender]=f&search[page]=101,GotSport
870FC 2013 Girls,U13,Female,GotSport Rankings,0,AR,7,https://system.gotsport.com/api/v1/team_ranking_data?search[team_country]=USA&search[age]=13&search[gender]=f&search[page]=168,GotSport
Searcy Rangers 2013-14 Girls,U13,Female,GotSport Rankings,0,AR,7,https://system.gotsport.com/api/v1/team_ranking_data?search[team_country]=USA&search[age]=13&search[gender]=f&search[page]=55,GotSport
Siloam Springs FC 13/14G (Palmer),U13,Female,GotSport Rankings,0,AR,7,https://system.gotsport.com/api/v1/team_ranking_data?search[team_country]=USA&search[age]=13&search[gender]=f&search[page]=244,GotSport
CASC 2013G Nightmares,U13,Female,GotSport Rankings,0,AR,8,https://system.gotsport.com/api/v1/team_ranking_data?search[team_country]=USA&search[age]=13&search[gender]=f&search[page]=186,GotSport
NEA SC 2013 Girls - White,U13,Female,GotSport Rankings,0,AR,10,https://system.gotsport.com/api/v1/team_ranking_data?search[team_country]=USA&search[age]=13&search[gender]=f&search[page]=258,GotSport
Arkansas Comets 2013G Premier,U13,Female,GotSport Rankings,0,AR,11,https://system.gotsport.com/api/v1/team_ranking_data?search[team_country]=USA&search[age]=13&search[gender]=f&search[page]=253,GotSport
Mbs girls 2013/2014,U13,Female,GotSport Rankings,0,AR,12,https://system.gotsport.com/api/v1/team_ranking_data?search[team_country]=USA&search[age]=13&search[gender]=f&search[page]=163,GotSport
Sporting Arkansas 2013G Ajax,U13,Female,GotSport Rankings,0,AR,12,https://system.gotsport.com/api/v1/team_ranking_data?search[team_country]=USA&search[age]=13&search[gender]=f&search[page]=63,GotSport
Sporting Arkansas 2013G Arsenal,U13,Female,GotSport Rankings,0,AR,12,https://system.gotsport.com/api/v1/team_ranking_data?search[team_country]=USA&search[age]=13&search[gender]=f&search[page]=71,GotSport
AFC Benton 2013 Classic Girls,U13,Female,GotSport Rankings,0,AR,13,https://system.gotsport.com/api/v1/team_ranking_data?search[team_country]=USA&search[age]=13&search[gender]=f&search[page]=100,GotSport
River Valley FC 2013/14 Girls,U13,Female,GotSport Rankings,0,AR,14,https://system.gotsport.com/api/v1/team_ranking_data?search[team_country]=USA&search[age]=13&search[gender]=f&search[page]=127,GotSport
ARFC 2013G Red,U13,Female,GotSport Rankings,0,AR,16,https://system.gotsport.com/api/v1/team_ranking_data?search[team_country]=USA&search[age]=13&search[gender]=f&search[page]=183,GotSport
SSFC Palmer 2013/14 Girls (U12),U13,Female,GotSport Rankings,0,AR,16,https://system.gotsport.com/api/v1/team_ranking_data?search[team_country]=USA&search[age]=13&search[gender]=f&search[page]=151,GotSport
Arkansas Rising 2013 Girls - ACSL,U13,Female,GotSport Rankings,0,AR,17,https://system.gotsport.com/api/v1/team_ranking_data?search[team_country]=USA&search[age]=13&search[gender]=f&search[page]=60,GotSport
ARFC 2013G Meir,U13,Female,GotSport Rankings,0,AR,18,https://system.gotsport.com/api/v1/team_ranking_data?search[team_country]=USA&search[age]=13&search[gender]=f&search[page]=59,GotSport
Arkansas Comets 2013G ECNL RL,U13,Female,GotSport Rankings,0,AR,18,https://system.gotsport.com/api/v1/team_ranking_data?search[team_country]=USA&search[age]=13&search[gender]=f&search[page]=170,GotSport
Arkansas Rising 2014 Girls - Pre-RL,U13,Female,GotSport Rankings,0,AR,19,https://system.gotsport.com/api/v1/team_ranking_data?search[team_country]=USA&search[age]=13&search[gender]=f&search[page]=59,GotSport
Advantage Academy 2013 Boys Elite,U13,Male,GotSport Rankings,0,AR,1,https://system.gotsport.com/api/v1/team_ranking_data?search[team_country]=USA&search[age]=13&search[gender]=m&search[page]=52,GotSport
Little Rock Rangers 2013 Boys Red,U13,Male,GotSport Rankings,0,AR,1,https://system.gotsport.com/api/v1/team_ranking_data?search[team_country]=USA&search[age]=13&search[gender]=m&search[page]=112,GotSport
Tigres 2013 Premier,U13,Male,GotSport Rankings,0,AR,4,https://system.gotsport.com/api/v1/team_ranking_data?search[team_country]=USA&search[age]=13&search[gender]=m&search[page]=40,GotSport
2012/2013 B Paragould Predators,U13,Male,GotSport Rankings,0,AR,6,https://system.gotsport.com/api/v1/team_ranking_data?search[team_country]=USA&search[age]=13&search[gender]=m&search[page]=307,GotSport
FC Horizon 2013 Boys White,U13,Male,GotSport Rankings,0,AR,6,https://system.gotsport.com/api/v1/team_ranking_data?search[team_country]=USA&search[age]=13&search[gender]=m&search[page]=167,GotSport
NEA SC 2013 Boys - Black,U13,Male,GotSport Rankings,0,AR,6,https://system.gotsport.com/api/v1/team_ranking_data?search[team_country]=USA&search[age]=13&search[gender]=m&search[page]=163,GotSport
Arkansas Rising 2013/14 Conway - ACSL,U13,Male,GotSport Rankings,0,AR,7,https://system.gotsport.com/api/v1/team_ranking_data?search[team_country]=USA&search[age]=13&search[gender]=m&search[page]=295,GotSport
Dream Wave FC 2013/14 Boys,U13,Male,GotSport Rankings,0,AR,7,https://system.gotsport.com/api/v1/team_ranking_data?search[team_country]=USA&search[age]=13&search[gender]=m&search[page]=281,GotSport
Tigres 2013 Azul,U13,Male,GotSport Rankings,0,AR,7,https://system.gotsport.com/api/v1/team_ranking_data?search[team_country]=USA&search[age]=13&search[gender]=m&search[page]=283,GotSport
ARFC 2013 B Belinello,U13,Male,GotSport Rankings,0,AR,8,https://system.gotsport.com/api/v1/team_ranking_data?search[team_country]=USA&search[age]=13&search[gender]=m&search[page]=343,GotSport
Little Rock Rangers 2013 Boys Black,U13,Male,GotSport Rankings,0,AR,8,https://system.gotsport.com/api/v1/team_ranking_data?search[team_country]=USA&search[age]=13&search[gender]=m&search[page]=114,GotSport
River Valley FC 2013-2014 Boys,U13,Male,GotSport Rankings,0,AR,8,https://system.gotsport.com/api/v1/team_ranking_data?search[team_country]=USA&search[age]=13&search[gender]=m&search[page]=326,GotSport
Sporting Arkansas 2013B Brighton,U13,Male,GotSport Rankings,0,AR,9,https://system.gotsport.com/api/v1/team_ranking_data?search[team_country]=USA&search[age]=13&search[gender]=m&search[page]=355,GotSport
CASC 2013B Royals,U13,Male,GotSport Rankings,0,AR,10,https://system.gotsport.com/api/v1/team_ranking_data?search[team_country]=USA&search[age]=13&search[gender]=m&search[page]=122,GotSport
FC Horizon 2013 Boys Grey,U13,Male,GotSport Rankings,0,AR,10,https://system.gotsport.com/api/v1/team_ranking_data?search[team_country]=USA&search[age]=13&search[gender]=m&search[page]=254,GotSport
Arkansas Rising 2013 Boys - Pre-RL,U13,Male,GotSport Rankings,0,AR,11,https://system.gotsport.com/api/v1/team_ranking_data?search[team_country]=USA&search[age]=13&search[gender]=m&search[page]=171,GotSport
Spa City FC 2013,U13,Male,GotSport Rankings,0,AR,11,https://system.gotsport.com/api/v1/team_ranking_data?search[team_country]=USA&search[age]=13&search[gender]=m&search[page]=204,GotSport
Arkansas Comets 2013B ECNL RL,U13,Male,GotSport Rankings,0,AR,12,https://system.gotsport.com/api/v1/team_ranking_data?search[team_country]=USA&search[age]=13&search[gender]=m&search[page]=90,GotSport
SSFC Striking 2014B (Castaneda),U13,Male,GotSport Rankings,0,AR,12,https://system.gotsport.com/api/v1/team_ranking_data?search[team_country]=USA&search[age]=13&search[gender]=m&search[page]=259,GotSport
Texarkana SC 13B,U13,Male,GotSport Rankings,0,AR,12,https://system.gotsport.com/api/v1/team_ranking_data?search[team_country]=USA&search[age]=13&search[gender]=m&search[page]=347,GotSport
SS ACADEMY 2013/2014B SELECT,U13,Male,GotSport Rankings,0,AR,13,https://system.gotsport.com/api/v1/team_ranking_data?search[team_country]=USA&search[age]=13&search[gender]=m&search[page]=346,GotSport
Sporting Arkansas 2013B Southampton,U13,Male,GotSport Rankings,0,AR,13,https://system.gotsport.com/api/v1/team_ranking_data?search[team_country]=USA&search[age]=13&search[gender]=m&search[page]=200,GotSport
Mighty Bluebirds 2013 Boys,U13,Male,GotSport Rankings,0,AR,15,https://system.gotsport.com/api/v1/team_ranking_data?search[team_country]=USA&search[age]=13&search[gender]=m&search[page]=162,GotSport
Sporting Arkansas 2013B PSG,U13,Male,GotSport Rankings,0,AR,15,https://system.gotsport.com/api/v1/team_ranking_data?search[team_country]=USA&search[age]=13&search[gender]=m&search[page]=57,GotSport
FC Arkansas 2013/2014B,U13,Male,GotSport Rankings,0,AR,16,https://system.gotsport.com/api/v1/team_ranking_data?search[team_country]=USA&search[age]=13&search[gender]=m&search[page]=352,GotSport
River Valley FC 2013B Inter,U13,Male,GotSport Rankings,0,AR,16,https://system.gotsport.com/api/v1/team_ranking_data?search[team_country]=USA&search[age]=13&search[gender]=m&search[page]=187,GotSport
SSFC Canales 2013 Boys (U12),U13,Male,GotSport Rankings,0,AR,16,https://system.gotsport.com/api/v1/team_ranking_data?search[team_country]=USA&search[age]=13&search[gender]=m&search[page]=207,GotSport
Sporting Arkansas 2013B A.C. Milan,U13,Male,GotSport Rankings,0,AR,16,https://system.gotsport.com/api/v1/team_ranking_data?search[team_country]=USA&search[age]=13&search[gender]=m&search[page]=232,GotSport
Cabot FC - 2013/14 White,U13,Male,GotSport Rankings,0,AR,17,https://system.gotsport.com/api/v1/team_ranking_data?search[team_country]=USA&search[age]=13&search[gender]=m&search[page]=359,GotSport
F.C. Horizon 2013 Boys Green,U13,Male,GotSport Rankings,0,AR,17,https://system.gotsport.com/api/v1/team_ranking_data?search[team_country]=USA&search[age]=13&search[gender]=m&search[page]=131,GotSport
NWA Dragons 2013 / 2014 Boys,U13,Male,GotSport Rankings,0,AR,17,https://system.gotsport.com/api/v1/team_ranking_data?search[team_country]=USA&search[age]=13&search[gender]=m&search[page]=377,GotSport
ARFC 2013B Navy,U13,Male,GotSport Rankings,0,AR,18,https://system.gotsport.com/api/v1/team_ranking_data?search[team_country]=USA&search[age]=13&search[gender]=m&search[page]=414,GotSport
Advantage Academy 2013/2014 Boys Premier,U13,Male,GotSport Rankings,0,AR,18,https://system.gotsport.com/api/v1/team_ranking_data?search[team_country]=USA&search[age]=13&search[gender]=m&search[page]=250,GotSport
Arkansas Rising 2013 Boys - ACSL,U13,Male,GotSport Rankings,0,AR,18,https://system.gotsport.com/api/v1/team_ranking_data?search[team_country]=USA&search[age]=13&search[gender]=m&search[page]=325,GotSport
ASC Edson U10 boys,U13,Male,GotSport Rankings,0,AR,19,https://system.gotsport.com/api/v1/team_ranking_data?search[team_country]=USA&search[age]=13&search[gender]=m&search[page]=242,GotSport
SS ACADEMY 2013B SELECT,U13,Male,GotSport Rankings,0,AR,20,https://system.gotsport.com/api/v1/team_ranking_data?search[team_country]=USA&search[age]=13&search[gender]=m&search[page]=266,GotSport
Searcy Rangers 2013-14 Boys,U13,Male,GotSport Rankings,0,AR,20,https://system.gotsport.com/api/v1/team_ranking_data?search[team_country]=USA&search[age]=13&search[gender]=m&search[page]=169,GotSport
CASC 12G Thunder,U14,Female,GotSport Rankings,0,AR,1,https://system.gotsport.com/api/v1/team_ranking_data?search[team_country]=USA&search[age]=14&search[gender]=f&search[page]=52,GotSport
Texarkana SC 12G,U14,Female,GotSport Rankings,0,AR,1,https://system.gotsport.com/api/v1/team_ranking_data?search[team_country]=USA&search[age]=14&search[gender]=f&search[page]=99,GotSport
CASC 2012G Thundercats,U14,Female,GotSport Rankings,0,AR,2,https://system.gotsport.com/api/v1/team_ranking_data?search[team_country]=USA&search[age]=14&search[gender]=f&search[page]=163,GotSport
Arkansas Rising 2012G ACSL,U14,Female,GotSport Rankings,0,AR,3,https://system.gotsport.com/api/v1/team_ranking_data?search[team_country]=USA&search[age]=14&search[gender]=f&search[page]=192,GotSport
SS ACADEMY 2012/2013G SELECT,U14,Female,GotSport Rankings,0,AR,4,https://system.gotsport.com/api/v1/team_ranking_data?search[team_country]=USA&search[age]=14&search[gender]=f&search[page]=185,GotSport
SS ACADEMY 2012/2013G SELECT II,U14,Female,GotSport Rankings,0,AR,6,https://system.gotsport.com/api/v1/team_ranking_data?search[team_country]=USA&search[age]=14&search[gender]=f&search[page]=180,GotSport
Arkansas Rising 2012 Girls - RL,U14,Female,GotSport Rankings,0,AR,7,https://system.gotsport.com/api/v1/team_ranking_data?search[team_country]=USA&search[age]=14&search[gender]=f&search[page]=112,GotSport
Arkansas Rising 2013 Girls - Pre-RL,U14,Female,GotSport Rankings,0,AR,7,https://system.gotsport.com/api/v1/team_ranking_data?search[team_country]=USA&search[age]=14&search[gender]=f&search[page]=85,GotSport
AVSA 2012 Girls Comp,U14,Female,GotSport Rankings,0,AR,8,https://system.gotsport.com/api/v1/team_ranking_data?search[team_country]=USA&search[age]=14&search[gender]=f&search[page]=91,GotSport
Arkansas Comets 2012G ECNL RL,U14,Female,GotSport Rankings,0,AR,10,https://system.gotsport.com/api/v1/team_ranking_data?search[team_country]=USA&search[age]=14&search[gender]=f&search[page]=40,GotSport
Sporting Arkansas 2012G Hearts,U14,Female,GotSport Rankings,0,AR,10,https://system.gotsport.com/api/v1/team_ranking_data?search[team_country]=USA&search[age]=14&search[gender]=f&search[page]=161,GotSport
SS ACADEMY 2012G SELECT,U14,Female,GotSport Rankings,0,AR,12,https://system.gotsport.com/api/v1/team_ranking_data?search[team_country]=USA&search[age]=14&search[gender]=f&search[page]=125,GotSport
AFC Benton 2012 Classic Girls,U14,Female,GotSport Rankings,0,AR,13,https://system.gotsport.com/api/v1/team_ranking_data?search[team_country]=USA&search[age]=14&search[gender]=f&search[page]=115,GotSport
Arkansas Lady Legends 13/12,U14,Female,GotSport Rankings,0,AR,13,https://system.gotsport.com/api/v1/team_ranking_data?search[team_country]=USA&search[age]=14&search[gender]=f&search[page]=76,GotSport
FC Arkansas 12/13G Bailey,U14,Female,GotSport Rankings,0,AR,13,https://system.gotsport.com/api/v1/team_ranking_data?search[team_country]=USA&search[age]=14&search[gender]=f&search[page]=116,GotSport
Sporting Arkansas 2012G Lyon,U14,Female,GotSport Rankings,0,AR,13,https://system.gotsport.com/api/v1/team_ranking_data?search[team_country]=USA&search[age]=14&search[gender]=f&search[page]=68,GotSport
ARFC 2012 Girls,U14,Female,GotSport Rankings,0,AR,14,https://system.gotsport.com/api/v1/team_ranking_data?search[team_country]=USA&search[age]=14&search[gender]=f&search[page]=65,GotSport
2012G Paragould Predators,U14,Female,GotSport Rankings,0,AR,16,https://system.gotsport.com/api/v1/team_ranking_data?search[team_country]=USA&search[age]=14&search[gender]=f&search[page]=168,GotSport
Searcy Rangers 2012 Girls,U14,Female,GotSport Rankings,0,AR,16,https://system.gotsport.com/api/v1/team_ranking_data?search[team_country]=USA&search[age]=14&search[gender]=f&search[page]=175,GotSport
Arkansas Rising 2012G - ACSL,U14,Female,GotSport Rankings,0,AR,18,https://system.gotsport.com/api/v1/team_ranking_data?search[team_country]=USA&search[age]=14&search[gender]=f&search[page]=184,GotSport
Little Rock Rangers 2012 Girls,U14,Female,GotSport Rankings,0,AR,18,https://system.gotsport.com/api/v1/team_ranking_data?search[team_country]=USA&search[age]=14&search[gender]=f&search[page]=51,GotSport
Advantage Academy 2012 Girls,U14,Female,GotSport Rankings,0,AR,20,https://system.gotsport.com/api/v1/team_ranking_data?search[team_country]=USA&search[age]=14&search[gender]=f&search[page]=115,GotSport
AFC Chaos - Black,U14,Male,GotSport Rankings,0,AR,1,https://system.gotsport.com/api/v1/team_ranking_data?search[team_country]=USA&search[age]=14&search[gender]=m&search[page]=327,GotSport
ARFC 2012 Boys,U14,Male,GotSport Rankings,0,AR,1,https://system.gotsport.com/api/v1/team_ranking_data?search[team_country]=USA&search[age]=14&search[gender]=m&search[page]=263,GotSport
NWA Dragons 2012/2013 Boys,U14,Male,GotSport Rankings,0,AR,1,https://system.gotsport.com/api/v1/team_ranking_data?search[team_country]=USA&search[age]=14&search[gender]=m&search[page]=286,GotSport
Searcy Rangers 2012 Boys,U14,Male,GotSport Rankings,0,AR,1,https://system.gotsport.com/api/v1/team_ranking_data?search[team_country]=USA&search[age]=14&search[gender]=m&search[page]=118,GotSport
Cabot FC - 2012/13,U14,Male,GotSport Rankings,0,AR,2,https://system.gotsport.com/api/v1/team_ranking_data?search[team_country]=USA&search[age]=14&search[gender]=m&search[page]=236,GotSport
Little Rock Rangers 2012 Boys Black,U14,Male,GotSport Rankings,0,AR,3,https://system.gotsport.com/api/v1/team_ranking_data?search[team_country]=USA&search[age]=14&search[gender]=m&search[page]=28,GotSport
FC Arkansas 12/13B Gunners,U14,Male,GotSport Rankings,0,AR,4,https://system.gotsport.com/api/v1/team_ranking_data?search[team_country]=USA&search[age]=14&search[gender]=m&search[page]=111,GotSport
FC Arkansas 12B Rapids,U14,Male,GotSport Rankings,0,AR,4,https://system.gotsport.com/api/v1/team_ranking_data?search[team_country]=USA&search[age]=14&search[gender]=m&search[page]=300,GotSport
Sporting Arkansas 2012B Monterrey,U14,Male,GotSport Rankings,0,AR,4,https://system.gotsport.com/api/v1/team_ranking_data?search[team_country]=USA&search[age]=14&search[gender]=m&search[page]=209,GotSport
AVSA 2012 Boys Comp,U14,Male,GotSport Rankings,0,AR,5,https://system.gotsport.com/api/v1/team_ranking_data?search[team_country]=USA&search[age]=14&search[gender]=m&search[page]=99,GotSport
Arkansas Comets 2012B ECNL RL,U14,Male,GotSport Rankings,0,AR,5,https://system.gotsport.com/api/v1/team_ranking_data?search[team_country]=USA&search[age]=14&search[gender]=m&search[page]=70,GotSport
Arkansas Comets 2012B NPL,U14,Male,GotSport Rankings,0,AR,5,https://system.gotsport.com/api/v1/team_ranking_data?search[team_country]=USA&search[age]=14&search[gender]=m&search[page]=115,GotSport
F.C. Horizon 2012/2013 Boys White,U14,Male,GotSport Rankings,0,AR,5,https://system.gotsport.com/api/v1/team_ranking_data?search[team_country]=USA&search[age]=14&search[gender]=m&search[page]=265,GotSport
Arkansas Comets 2012/2013B Navy,U14,Male,GotSport Rankings,0,AR,6,https://system.gotsport.com/api/v1/team_ranking_data?search[team_country]=USA&search[age]=14&search[gender]=m&search[page]=204,GotSport
Tigres 2012,U14,Male,GotSport Rankings,0,AR,7,https://system.gotsport.com/api/v1/team_ranking_data?search[team_country]=USA&search[age]=14&search[gender]=m&search[page]=120,GotSport
SS ACADEMY 2012B SELECT,U14,Male,GotSport Rankings,0,AR,9,https://system.gotsport.com/api/v1/team_ranking_data?search[team_country]=USA&search[age]=14&search[gender]=m&search[page]=33,GotSport
Sporting Arkansas 2012B Tigres,U14,Male,GotSport Rankings,0,AR,10,https://system.gotsport.com/api/v1/team_ranking_data?search[team_country]=USA&search[age]=14&search[gender]=m&search[page]=125,GotSport
SSFC 12/13B (Canales),U14,Male,GotSport Rankings,0,AR,12,https://system.gotsport.com/api/v1/team_ranking_data?search[team_country]=USA&search[age]=14&search[gender]=m&search[page]=307,GotSport
DQSC U13B Prodigy Warriors,U14,Male,GotSport Rankings,0,AR,13,https://system.gotsport.com/api/v1/team_ranking_data?search[team_country]=USA&search[age]=14&search[gender]=m&search[page]=118,GotSport
F.C. Horizon 2012/13 Boys Green,U14,Male,GotSport Rankings,0,AR,14,https://system.gotsport.com/api/v1/team_ranking_data?search[team_country]=USA&search[age]=14&search[gender]=m&search[page]=183,GotSport
Arkansas Comets Ft Smith 2012B Premier,U14,Male,GotSport Rankings,0,AR,15,https://system.gotsport.com/api/v1/team_ranking_data?search[team_country]=USA&search[age]=14&search[gender]=m&search[page]=119,GotSport
Arkansas Rising 2012 Boys ECNL-RL,U14,Male,GotSport Rankings,0,AR,15,https://system.gotsport.com/api/v1/team_ranking_data?search[team_country]=USA&search[age]=14&search[gender]=m&search[page]=90,GotSport
Little Rock Rangers 2012 Boys Red,U14,Male,GotSport Rankings,0,AR,15,https://system.gotsport.com/api/v1/team_ranking_data?search[team_country]=USA&search[age]=14&search[gender]=m&search[page]=115,GotSport
AVSA 2013 Boys - Elite,U14,Male,GotSport Rankings,0,AR,16,https://system.gotsport.com/api/v1/team_ranking_data?search[team_country]=USA&search[age]=14&search[gender]=m&search[page]=207,GotSport
AFC Chaos - White,U14,Male,GotSport Rankings,0,AR,19,https://system.gotsport.com/api/v1/team_ranking_data?search[team_country]=USA&search[age]=14&search[gender]=m&search[page]=72,GotSport
Tigres 2011 Girls,U15,Female,GotSport Rankings,0,AR,1,https://system.gotsport.com/api/v1/team_ranking_data?search[team_country]=USA&search[age]=15&search[gender]=f&search[page]=159,GotSport
Advantage Academy 2011/2012 Girls Elite,U15,Female,GotSport Rankings,0,AR,4,https://system.gotsport.com/api/v1/team_ranking_data?search[team_country]=USA&search[age]=15&search[gender]=f&search[page]=71,GotSport
Arkansas Rising 2011G - RL,U15,Female,GotSport Rankings,0,AR,4,https://system.gotsport.com/api/v1/team_ranking_data?search[team_country]=USA&search[age]=15&search[gender]=f&search[page]=34,GotSport
Sporting Arkansas 2011G Real Madrid,U15,Female,GotSport Rankings,0,AR,4,https://system.gotsport.com/api/v1/team_ranking_data?search[team_country]=USA&search[age]=15&search[gender]=f&search[page]=145,GotSport
Arkansas Rising 2011/12G - ACSL,U15,Female,GotSport Rankings,0,AR,6,https://system.gotsport.com/api/v1/team_ranking_data?search[team_country]=USA&search[age]=15&search[gender]=f&search[page]=88,GotSport
River Valley FC 2011/12 Girls,U15,Female,GotSport Rankings,0,AR,7,https://system.gotsport.com/api/v1/team_ranking_data?search[team_country]=USA&search[age]=15&search[gender]=f&search[page]=186,GotSport
SSFC Castaneda 2011/12 Girls,U15,Female,GotSport Rankings,0,AR,7,https://system.gotsport.com/api/v1/team_ranking_data?search[team_country]=USA&search[age]=15&search[gender]=f&search[page]=92,GotSport
Sporting Arkansas 2011G Sevilla,U15,Female,GotSport Rankings,0,AR,7,https://system.gotsport.com/api/v1/team_ranking_data?search[team_country]=USA&search[age]=15&search[gender]=f&search[page]=198,GotSport
Siloam Springs FC 11/12 Girls (Castaneda),U15,Female,GotSport Rankings,0,AR,10,https://system.gotsport.com/api/v1/team_ranking_data?search[team_country]=USA&search[age]=15&search[gender]=f&search[page]=174,GotSport
Little Rock Rangers 2011 Girls,U15,Female,GotSport Rankings,0,AR,12,https://system.gotsport.com/api/v1/team_ranking_data?search[team_country]=USA&search[age]=15&search[gender]=f&search[page]=98,GotSport
SS ACADEMY 2011G SELECT,U15,Female,GotSport Rankings,0,AR,12,https://system.gotsport.com/api/v1/team_ranking_data?search[team_country]=USA&search[age]=15&search[gender]=f&search[page]=151,GotSport
Arkansas Comets 2011G ECNL RL,U15,Female,GotSport Rankings,0,AR,13,https://system.gotsport.com/api/v1/team_ranking_data?search[team_country]=USA&search[age]=15&search[gender]=f&search[page]=144,GotSport
FC Arkansas 11G Impact,U15,Female,GotSport Rankings,0,AR,13,https://system.gotsport.com/api/v1/team_ranking_data?search[team_country]=USA&search[age]=15&search[gender]=f&search[page]=44,GotSport
CASC 2011G Keene,U15,Female,GotSport Rankings,0,AR,15,https://system.gotsport.com/api/v1/team_ranking_data?search[team_country]=USA&search[age]=15&search[gender]=f&search[page]=101,GotSport
Arkansas Comets Ft Smith 2012G Premier,U15,Female,GotSport Rankings,0,AR,17,https://system.gotsport.com/api/v1/team_ranking_data?search[team_country]=USA&search[age]=15&search[gender]=f&search[page]=120,GotSport
F.C. Horizon 2011 Girls Green,U15,Female,GotSport Rankings,0,AR,20,https://system.gotsport.com/api/v1/team_ranking_data?search[team_country]=USA&search[age]=15&search[gender]=f&search[page]=145,GotSport
NEA SC 2011/2012/2013 Girls - White,U15,Female,GotSport Rankings,0,AR,20,https://system.gotsport.com/api/v1/team_ranking_data?search[team_country]=USA&search[age]=15&search[gender]=f&search[page]=208,GotSport
Arkansas Comets 2011B ECNL RL,U15,Male,GotSport Rankings,0,AR,1,https://system.gotsport.com/api/v1/team_ranking_data?search[team_country]=USA&search[age]=15&search[gender]=m&search[page]=190,GotSport
Arkansas Comets Ft Smith 2011B San Rafael,U15,Male,GotSport Rankings,0,AR,1,https://system.gotsport.com/api/v1/team_ranking_data?search[team_country]=USA&search[age]=15&search[gender]=m&search[page]=69,GotSport
SSFC Lackey/Trinidad 2011/2012 Boys,U15,Male,GotSport Rankings,0,AR,1,https://system.gotsport.com/api/v1/team_ranking_data?search[team_country]=USA&search[age]=15&search[gender]=m&search[page]=146,GotSport
Siloam Springs FC 11/12 Boys (Aguilar),U15,Male,GotSport Rankings,0,AR,1,https://system.gotsport.com/api/v1/team_ranking_data?search[team_country]=USA&search[age]=15&search[gender]=m&search[page]=301,GotSport
Sporting Arkansas 2011B Chelsea,U15,Male,GotSport Rankings,0,AR,1,https://system.gotsport.com/api/v1/team_ranking_data?search[team_country]=USA&search[age]=15&search[gender]=m&search[page]=221,GotSport
Tigres Academy 2011 Premier,U15,Male,GotSport Rankings,0,AR,1,https://system.gotsport.com/api/v1/team_ranking_data?search[team_country]=USA&search[age]=15&search[gender]=m&search[page]=160,GotSport
AVSA 2011 Boys,U15,Male,GotSport Rankings,0,AR,2,https://system.gotsport.com/api/v1/team_ranking_data?search[team_country]=USA&search[age]=15&search[gender]=m&search[page]=138,GotSport
SS Academy 2020B Select,U15,Male,GotSport Rankings,0,AR,2,https://system.gotsport.com/api/v1/team_ranking_data?search[team_country]=USA&search[age]=15&search[gender]=m&search[page]=193,GotSport
Sporting Arkansas 2011B Atletico,U15,Male,GotSport Rankings,0,AR,2,https://system.gotsport.com/api/v1/team_ranking_data?search[team_country]=USA&search[age]=15&search[gender]=m&search[page]=29,GotSport
Tigres Academy 2011 Amarillo,U15,Male,GotSport Rankings,0,AR,2,https://system.gotsport.com/api/v1/team_ranking_data?search[team_country]=USA&search[age]=15&search[gender]=m&search[page]=119,GotSport
2011/12 Bentonville Prodigy FC Prodigy,U15,Male,GotSport Rankings,0,AR,3,https://system.gotsport.com/api/v1/team_ranking_data?search[team_country]=USA&search[age]=15&search[gender]=m&search[page]=97,GotSport
CASC 2011B Tigres,U15,Male,GotSport Rankings,0,AR,3,https://system.gotsport.com/api/v1/team_ranking_data?search[team_country]=USA&search[age]=15&search[gender]=m&search[page]=152,GotSport
Little Rock Rangers 2011 Boys Black,U15,Male,GotSport Rankings,0,AR,3,https://system.gotsport.com/api/v1/team_ranking_data?search[team_country]=USA&search[age]=15&search[gender]=m&search[page]=49,GotSport
Texarkana SC 11/12B,U15,Male,GotSport Rankings,0,AR,3,https://system.gotsport.com/api/v1/team_ranking_data?search[team_country]=USA&search[age]=15&search[gender]=m&search[page]=127,GotSport
Advantage Academy 2011 Boys,U15,Male,GotSport Rankings,0,AR,5,https://system.gotsport.com/api/v1/team_ranking_data?search[team_country]=USA&search[age]=15&search[gender]=m&search[page]=149,GotSport
Arkansas Comets 2011B NPL,U15,Male,GotSport Rankings,0,AR,5,https://system.gotsport.com/api/v1/team_ranking_data?search[team_country]=USA&search[age]=15&search[gender]=m&search[page]=162,GotSport
Arkansas Rising 2011/12 Boys - ACSL,U15,Male,GotSport Rankings,0,AR,5,https://system.gotsport.com/api/v1/team_ranking_data?search[team_country]=USA&search[age]=15&search[gender]=m&search[page]=252,GotSport
F.C. Horizon 2011 Boys Green,U15,Male,GotSport Rankings,0,AR,6,https://system.gotsport.com/api/v1/team_ranking_data?search[team_country]=USA&search[age]=15&search[gender]=m&search[page]=252,GotSport
SS ACADEMY 2011B SELECT,U15,Male,GotSport Rankings,0,AR,8,https://system.gotsport.com/api/v1/team_ranking_data?search[team_country]=USA&search[age]=15&search[gender]=m&search[page]=306,GotSport
AVSA 2013 Boys Olson,U15,Male,GotSport Rankings,0,AR,9,https://system.gotsport.com/api/v1/team_ranking_data?search[team_country]=USA&search[age]=15&search[gender]=m&search[page]=180,GotSport
Sporting Arkansas 2011B Wolfsburg,U15,Male,GotSport Rankings,0,AR,10,https://system.gotsport.com/api/v1/team_ranking_data?search[team_country]=USA&search[age]=15&search[gender]=m&search[page]=109,GotSport
SS Academy 2010B Elite,U15,Male,GotSport Rankings,0,AR,11,https://system.gotsport.com/api/v1/team_ranking_data?search[team_country]=USA&search[age]=15&search[gender]=m&search[page]=251,GotSport
River Valley FC 2011/12 Boys,U15,Male,GotSport Rankings,0,AR,15,https://system.gotsport.com/api/v1/team_ranking_data?search[team_country]=USA&search[age]=15&search[gender]=m&search[page]=203,GotSport
Arkansas Rising 2011 Boys - RL,U15,Male,GotSport Rankings,0,AR,16,https://system.gotsport.com/api/v1/team_ranking_data?search[team_country]=USA&search[age]=15&search[gender]=m&search[page]=155,GotSport
Bentonville Prodigy 2011,U15,Male,GotSport Rankings,0,AR,17,https://system.gotsport.com/api/v1/team_ranking_data?search[team_country]=USA&search[age]=15&search[gender]=m&search[page]=161,GotSport
2011B Paragould Predators,U15,Male,GotSport Rankings,0,AR,18,https://system.gotsport.com/api/v1/team_ranking_data?search[team_country]=USA&search[age]=15&search[gender]=m&search[page]=226,GotSport
AVSA 2011 Boys,U15,Male,GotSport Rankings,0,AR,18,https://system.gotsport.com/api/v1/team_ranking_data?search[team_country]=USA&search[age]=15&search[gender]=m&search[page]=137,GotSport
LRRA 2011 Boys Red,U15,Male,GotSport Rankings,0,AR,18,https://system.gotsport.com/api/v1/team_ranking_data?search[team_country]=USA&search[age]=15&search[gender]=m&search[page]=138,GotSport
Little Rock Rangers 2011 Boys Red,U15,Male,GotSport Rankings,0,AR,18,https://system.gotsport.com/api/v1/team_ranking_data?search[team_country]=USA&search[age]=15&search[gender]=m&search[page]=195,GotSport
Tigres Academy 2011 Azul,U15,Male,GotSport Rankings,0,AR,18,https://system.gotsport.com/api/v1/team_ranking_data?search[team_country]=USA&search[age]=15&search[gender]=m&search[page]=99,GotSport
Spa City FC 2011,U15,Male,GotSport Rankings,0,AR,19,https://system.gotsport.com/api/v1/team_ranking_data?search[team_country]=USA&search[age]=15&search[gender]=m&search[page]=265,GotSport
Arkansas Comets Ft Smith 2011B San Rafael,U15,Male,GotSport Rankings,0,AR,20,https://system.gotsport.com/api/v1/team_ranking_data?search[team_country]=USA&search[age]=15&search[gender]=m&search[page]=68,GotSport
CASC 2011B Tigres,U15,Male,GotSport Rankings,0,AR,20,https://system.gotsport.com/api/v1/team_ranking_data?search[team_country]=USA&search[age]=15&search[gender]=m&search[page]=151,GotSport
NEA SC 2011 Boys - Black,U15,Male,GotSport Rankings,0,AR,20,https://system.gotsport.com/api/v1/team_ranking_data?search[team_country]=USA&search[age]=15&search[gender]=m&search[page]=82,GotSport
SSFC Lackey/Trinidad 2011/2012 Boys,U15,Male,GotSport Rankings,0,AR,20,https://system.gotsport.com/api/v1/team_ranking_data?search[team_country]=USA&search[age]=15&search[gender]=m&search[page]=145,GotSport
CASC 2010G Strikers,U16,Female,GotSport Rankings,0,AR,1,https://system.gotsport.com/api/v1/team_ranking_data?search[team_country]=USA&search[age]=16&search[gender]=f&search[page]=146,GotSport
SS Academy 2009/2010G Elite,U16,Female,GotSport Rankings,0,AR,1,https://system.gotsport.com/api/v1/team_ranking_data?search[team_country]=USA&search[age]=16&search[gender]=f&search[page]=179,GotSport
Arkansas Rising Soccer Club 10G RL,U16,Female,GotSport Rankings,0,AR,4,https://system.gotsport.com/api/v1/team_ranking_data?search[team_country]=USA&search[age]=16&search[gender]=f&search[page]=2,GotSport
Searcy Rangers 2010-11 Girls,U16,Female,GotSport Rankings,0,AR,8,https://system.gotsport.com/api/v1/team_ranking_data?search[team_country]=USA&search[age]=16&search[gender]=f&search[page]=97,GotSport
Sporting Arkansas 2010/2011G Manchester United,U16,Female,GotSport Rankings,0,AR,9,https://system.gotsport.com/api/v1/team_ranking_data?search[team_country]=USA&search[age]=16&search[gender]=f&search[page]=157,GotSport
2010G Paragould Predators,U16,Female,GotSport Rankings,0,AR,10,https://system.gotsport.com/api/v1/team_ranking_data?search[team_country]=USA&search[age]=16&search[gender]=f&search[page]=36,GotSport
Arkansas Comets 2010/2011G Navy,U16,Female,GotSport Rankings,0,AR,12,https://system.gotsport.com/api/v1/team_ranking_data?search[team_country]=USA&search[age]=16&search[gender]=f&search[page]=55,GotSport
Arkansas Comets 2010G ECNL RL,U16,Female,GotSport Rankings,0,AR,15,https://system.gotsport.com/api/v1/team_ranking_data?search[team_country]=USA&search[age]=16&search[gender]=f&search[page]=36,GotSport
Arkansas Rising 2010 Girls ACSL,U16,Female,GotSport Rankings,0,AR,15,https://system.gotsport.com/api/v1/team_ranking_data?search[team_country]=USA&search[age]=16&search[gender]=f&search[page]=112,GotSport
Texarkana SC 10/11G,U16,Female,GotSport Rankings,0,AR,15,https://system.gotsport.com/api/v1/team_ranking_data?search[team_country]=USA&search[age]=16&search[gender]=f&search[page]=120,GotSport
Sporting Arkansas 2010G Bayern Munich,U16,Female,GotSport Rankings,0,AR,16,https://system.gotsport.com/api/v1/team_ranking_data?search[team_country]=USA&search[age]=16&search[gender]=f&search[page]=24,GotSport
Little Rock Rangers 2009-10 Girls,U16,Female,GotSport Rankings,0,AR,17,https://system.gotsport.com/api/v1/team_ranking_data?search[team_country]=USA&search[age]=16&search[gender]=f&search[page]=56,GotSport
SS ACADEMY 2010G SELECT,U16,Female,GotSport Rankings,0,AR,17,https://system.gotsport.com/api/v1/team_ranking_data?search[team_country]=USA&search[age]=16&search[gender]=f&search[page]=60,GotSport
ARFC 2010/11 Girls,U16,Female,GotSport Rankings,0,AR,18,https://system.gotsport.com/api/v1/team_ranking_data?search[team_country]=USA&search[age]=16&search[gender]=f&search[page]=104,GotSport
Arkansas Rising 2010 Boys ASCL,U16,Male,GotSport Rankings,0,AR,1,https://system.gotsport.com/api/v1/team_ranking_data?search[team_country]=USA&search[age]=16&search[gender]=m&search[page]=272,GotSport
Arkansas Rising 2010B - RL,U16,Male,GotSport Rankings,0,AR,1,https://system.gotsport.com/api/v1/team_ranking_data?search[team_country]=USA&search[age]=16&search[gender]=m&search[page]=151,GotSport
Bentonville FC prodigy 2010 Boys,U16,Male,GotSport Rankings,0,AR,4,https://system.gotsport.com/api/v1/team_ranking_data?search[team_country]=USA&search[age]=16&search[gender]=m&search[page]=196,GotSport
Tigres Academy 2010 Premier,U16,Male,GotSport Rankings,0,AR,4,https://system.gotsport.com/api/v1/team_ranking_data?search[team_country]=USA&search[age]=16&search[gender]=m&search[page]=78,GotSport
Arkansas Comets 2010B NPL,U16,Male,GotSport Rankings,0,AR,5,https://system.gotsport.com/api/v1/team_ranking_data?search[team_country]=USA&search[age]=16&search[gender]=m&search[page]=193,GotSport
ARFC 2010/2011 Boys,U16,Male,GotSport Rankings,0,AR,6,https://system.gotsport.com/api/v1/team_ranking_data?search[team_country]=USA&search[age]=16&search[gender]=m&search[page]=213,GotSport
Arkansas Comets 2010B ECNL RL,U16,Male,GotSport Rankings,0,AR,6,https://system.gotsport.com/api/v1/team_ranking_data?search[team_country]=USA&search[age]=16&search[gender]=m&search[page]=117,GotSport
Arkansas Comets VanBuren 2010B Premier,U16,Male,GotSport Rankings,0,AR,6,https://system.gotsport.com/api/v1/team_ranking_data?search[team_country]=USA&search[age]=16&search[gender]=m&search[page]=242,GotSport
Cabot FC - 2010/11,U16,Male,GotSport Rankings,0,AR,7,https://system.gotsport.com/api/v1/team_ranking_data?search[team_country]=USA&search[age]=16&search[gender]=m&search[page]=214,GotSport
Little Rock Rangers 2010 Boys Red,U16,Male,GotSport Rankings,0,AR,7,https://system.gotsport.com/api/v1/team_ranking_data?search[team_country]=USA&search[age]=16&search[gender]=m&search[page]=62,GotSport
CASC 2010 Boys Lightning,U16,Male,GotSport Rankings,0,AR,8,https://system.gotsport.com/api/v1/team_ranking_data?search[team_country]=USA&search[age]=16&search[gender]=m&search[page]=46,GotSport
Sporting Arkansas 2010/2011B FC Lorient,U16,Male,GotSport Rankings,0,AR,8,https://system.gotsport.com/api/v1/team_ranking_data?search[team_country]=USA&search[age]=16&search[gender]=m&search[page]=181,GotSport
Comets UFA 2010B,U16,Male,GotSport Rankings,0,AR,9,https://system.gotsport.com/api/v1/team_ranking_data?search[team_country]=USA&search[age]=16&search[gender]=m&search[page]=163,GotSport
NWA Dragons 2010/2011 Boys,U16,Male,GotSport Rankings,0,AR,9,https://system.gotsport.com/api/v1/team_ranking_data?search[team_country]=USA&search[age]=16&search[gender]=m&search[page]=262,GotSport
Sporting Arkansas 2010B Benfica,U16,Male,GotSport Rankings,0,AR,9,https://system.gotsport.com/api/v1/team_ranking_data?search[team_country]=USA&search[age]=16&search[gender]=m&search[page]=19,GotSport
River Valley FC 10/11B,U16,Male,GotSport Rankings,0,AR,11,https://system.gotsport.com/api/v1/team_ranking_data?search[team_country]=USA&search[age]=16&search[gender]=m&search[page]=239,GotSport
AFC Greyhounds,U16,Male,GotSport Rankings,0,AR,12,https://system.gotsport.com/api/v1/team_ranking_data?search[team_country]=USA&search[age]=16&search[gender]=m&search[page]=148,GotSport
Paragould Predators 2010/2011,U16,Male,GotSport Rankings,0,AR,13,https://system.gotsport.com/api/v1/team_ranking_data?search[team_country]=USA&search[age]=16&search[gender]=m&search[page]=264,GotSport
FC Arkansas 10B LeMaster,U16,Male,GotSport Rankings,0,AR,14,https://system.gotsport.com/api/v1/team_ranking_data?search[team_country]=USA&search[age]=16&search[gender]=m&search[page]=29,GotSport
Little Rock Rangers 2010 Boys Black,U16,Male,GotSport Rankings,0,AR,15,https://system.gotsport.com/api/v1/team_ranking_data?search[team_country]=USA&search[age]=16&search[gender]=m&search[page]=102,GotSport
Bentonville FC prodigy 2010 Boys,U16,Male,GotSport Rankings,0,AR,16,https://system.gotsport.com/api/v1/team_ranking_data?search[team_country]=USA&search[age]=16&search[gender]=m&search[page]=117,GotSport
SS Academy 2010B ELITE,U16,Male,GotSport Rankings,0,AR,16,https://system.gotsport.com/api/v1/team_ranking_data?search[team_country]=USA&search[age]=16&search[gender]=m&search[page]=218,GotSport
Arkansas Comets Ft Smith 2010B Premier,U16,Male,GotSport Rankings,0,AR,17,https://system.gotsport.com/api/v1/team_ranking_data?search[team_country]=USA&search[age]=16&search[gender]=m&search[page]=50,GotSport
Sporting Arkansas 2010B Inter Milan,U16,Male,GotSport Rankings,0,AR,18,https://system.gotsport.com/api/v1/team_ranking_data?search[team_country]=USA&search[age]=16&search[gender]=m&search[page]=185,GotSport
Arkansas Rising 2010 Boys Composite,U16,Male,GotSport Rankings,0,AR,20,https://system.gotsport.com/api/v1/team_ranking_data?search[team_country]=USA&search[age]=16&search[gender]=m&search[page]=165,GotSport
CASC 2010B All-Starz,U16,Male,GotSport Rankings,0,AR,20,https://system.gotsport.com/api/v1/team_ranking_data?search[team_country]=USA&search[age]=16&search[gender]=m&search[page]=255,GotSport
Arkansas Comets 2009G ECNL RL,U17,Female,GotSport Rankings,0,AR,1,https://system.gotsport.com/api/v1/team_ranking_data?search[team_country]=USA&search[age]=17&search[gender]=f&search[page]=63,GotSport
SS ACADEMY 2009G ELITE,U17,Female,GotSport Rankings,0,AR,5,https://system.gotsport.com/api/v1/team_ranking_data?search[team_country]=USA&search[age]=17&search[gender]=f&search[page]=62,GotSport
Arkansas Rising 2009 Girls - RL,U17,Female,GotSport Rankings,0,AR,7,https://system.gotsport.com/api/v1/team_ranking_data?search[team_country]=USA&search[age]=17&search[gender]=f&search[page]=26,GotSport
Sporting Arkansas Showcase Girls,U17,Female,GotSport Rankings,0,AR,7,https://system.gotsport.com/api/v1/team_ranking_data?search[team_country]=USA&search[age]=17&search[gender]=f&search[page]=44,GotSport
Arkansas Rising 2009G Composite,U17,Female,GotSport Rankings,0,AR,8,https://system.gotsport.com/api/v1/team_ranking_data?search[team_country]=USA&search[age]=17&search[gender]=f&search[page]=46,GotSport
Arkansas Comets 2009G Navy,U17,Female,GotSport Rankings,0,AR,9,https://system.gotsport.com/api/v1/team_ranking_data?search[team_country]=USA&search[age]=17&search[gender]=f&search[page]=106,GotSport
Spa City FC 09G,U17,Female,GotSport Rankings,0,AR,10,https://system.gotsport.com/api/v1/team_ranking_data?search[team_country]=USA&search[age]=17&search[gender]=f&search[page]=99,GotSport
Tigres 2009/2010 Girls,U17,Female,GotSport Rankings,0,AR,10,https://system.gotsport.com/api/v1/team_ranking_data?search[team_country]=USA&search[age]=17&search[gender]=f&search[page]=131,GotSport
Arkansas Comets Ft Smith 2009G Premier,U17,Female,GotSport Rankings,0,AR,11,https://system.gotsport.com/api/v1/team_ranking_data?search[team_country]=USA&search[age]=17&search[gender]=f&search[page]=131,GotSport
Sporting Arkansas 2009G Celtic,U17,Female,GotSport Rankings,0,AR,13,https://system.gotsport.com/api/v1/team_ranking_data?search[team_country]=USA&search[age]=17&search[gender]=f&search[page]=33,GotSport
Sporting Arkansas 2009G DPL,U17,Female,GotSport Rankings,0,AR,13,https://system.gotsport.com/api/v1/team_ranking_data?search[team_country]=USA&search[age]=17&search[gender]=f&search[page]=114,GotSport
2009G Paragould Predators,U17,Female,GotSport Rankings,0,AR,18,https://system.gotsport.com/api/v1/team_ranking_data?search[team_country]=USA&search[age]=17&search[gender]=f&search[page]=104,GotSport
NEA SC 2009/10 Boys - Black,U17,Male,GotSport Rankings,0,AR,1,https://system.gotsport.com/api/v1/team_ranking_data?search[team_country]=USA&search[age]=17&search[gender]=m&search[page]=186,GotSport
Texarkana SC 09/10B,U17,Male,GotSport Rankings,0,AR,1,https://system.gotsport.com/api/v1/team_ranking_data?search[team_country]=USA&search[age]=17&search[gender]=m&search[page]=71,GotSport
El Dorado FC,U17,Male,GotSport Rankings,0,AR,5,https://system.gotsport.com/api/v1/team_ranking_data?search[team_country]=USA&search[age]=17&search[gender]=m&search[page]=83,GotSport
CASC 2009 Thunder White,U17,Male,GotSport Rankings,0,AR,6,https://system.gotsport.com/api/v1/team_ranking_data?search[team_country]=USA&search[age]=17&search[gender]=m&search[page]=90,GotSport
SHERWOOD SC 09/10,U17,Male,GotSport Rankings,0,AR,6,https://system.gotsport.com/api/v1/team_ranking_data?search[team_country]=USA&search[age]=17&search[gender]=m&search[page]=214,GotSport
Tigres 2009 Amarillo,U17,Male,GotSport Rankings,0,AR,6,https://system.gotsport.com/api/v1/team_ranking_data?search[team_country]=USA&search[age]=17&search[gender]=m&search[page]=69,GotSport
Arkansas Comets Ft Smith 2009B Cruz Azul,U17,Male,GotSport Rankings,0,AR,8,https://system.gotsport.com/api/v1/team_ranking_data?search[team_country]=USA&search[age]=17&search[gender]=m&search[page]=160,GotSport
Arkansas Rising 2009 Boys - ACSL,U17,Male,GotSport Rankings,0,AR,8,https://system.gotsport.com/api/v1/team_ranking_data?search[team_country]=USA&search[age]=17&search[gender]=m&search[page]=184,GotSport
Conway Boys 09B,U17,Male,GotSport Rankings,0,AR,8,https://system.gotsport.com/api/v1/team_ranking_data?search[team_country]=USA&search[age]=17&search[gender]=m&search[page]=105,GotSport
Sporting Arkansas 2009B Liverpool,U17,Male,GotSport Rankings,0,AR,9,https://system.gotsport.com/api/v1/team_ranking_data?search[team_country]=USA&search[age]=17&search[gender]=m&search[page]=83,GotSport
Spa City FC 09,U17,Male,GotSport Rankings,0,AR,10,https://system.gotsport.com/api/v1/team_ranking_data?search[team_country]=USA&search[age]=17&search[gender]=m&search[page]=116,GotSport
Spa City FC 2009,U17,Male,GotSport Rankings,0,AR,11,https://system.gotsport.com/api/v1/team_ranking_data?search[team_country]=USA&search[age]=17&search[gender]=m&search[page]=131,GotSport
Little Rock Rangers 2009 Boys Black,U17,Male,GotSport Rankings,0,AR,12,https://system.gotsport.com/api/v1/team_ranking_data?search[team_country]=USA&search[age]=17&search[gender]=m&search[page]=63,GotSport
Siloam Springs FC 09/10B (Gonzalez),U17,Male,GotSport Rankings,0,AR,12,https://system.gotsport.com/api/v1/team_ranking_data?search[team_country]=USA&search[age]=17&search[gender]=m&search[page]=220,GotSport
Sporting Arkansas 2009B Villarreal,U17,Male,GotSport Rankings,0,AR,12,https://system.gotsport.com/api/v1/team_ranking_data?search[team_country]=USA&search[age]=17&search[gender]=m&search[page]=17,GotSport
Sporting Arkansas 2009/10B Boca Juniors,U17,Male,GotSport Rankings,0,AR,13,https://system.gotsport.com/api/v1/team_ranking_data?search[team_country]=USA&search[age]=17&search[gender]=m&search[page]=173,GotSport
Tigres Academy 2009 Azul,U17,Male,GotSport Rankings,0,AR,13,https://system.gotsport.com/api/v1/team_ranking_data?search[team_country]=USA&search[age]=17&search[gender]=m&search[page]=80,GotSport
Searcy Rangers 2009-10 Boys,U17,Male,GotSport Rankings,0,AR,14,https://system.gotsport.com/api/v1/team_ranking_data?search[team_country]=USA&search[age]=17&search[gender]=m&search[page]=75,GotSport
Arkansas Comets 2009B ECNL RL,U17,Male,GotSport Rankings,0,AR,15,https://system.gotsport.com/api/v1/team_ranking_data?search[team_country]=USA&search[age]=17&search[gender]=m&search[page]=96,GotSport
Arkansas Crew 09B,U17,Male,GotSport Rankings,0,AR,15,https://system.gotsport.com/api/v1/team_ranking_data?search[team_country]=USA&search[age]=17&search[gender]=m&search[page]=163,GotSport
Arkansas Rising 2009B Composite,U17,Male,GotSport Rankings,0,AR,15,https://system.gotsport.com/api/v1/team_ranking_data?search[team_country]=USA&search[age]=17&search[gender]=m&search[page]=66,GotSport
CASC 2009 Thunder,U17,Male,GotSport Rankings,0,AR,15,https://system.gotsport.com/api/v1/team_ranking_data?search[team_country]=USA&search[age]=17&search[gender]=m&search[page]=82,GotSport
LRRA 09 Red,U17,Male,GotSport Rankings,0,AR,16,https://system.gotsport.com/api/v1/team_ranking_data?search[team_country]=USA&search[age]=17&search[gender]=m&search[page]=192,GotSport
Tigres Academy 2009 Premier,U17,Male,GotSport Rankings,0,AR,16,https://system.gotsport.com/api/v1/team_ranking_data?search[team_country]=USA&search[age]=17&search[gender]=m&search[page]=28,GotSport
AVSA 09 Boys,U17,Male,GotSport Rankings,0,AR,18,https://system.gotsport.com/api/v1/team_ranking_data?search[team_country]=USA&search[age]=17&search[gender]=m&search[page]=108,GotSport
FC Arkansas 09/10,U17,Male,GotSport Rankings,0,AR,18,https://system.gotsport.com/api/v1/team_ranking_data?search[team_country]=USA&search[age]=17&search[gender]=m&search[page]=168,GotSport
2009B Paragould Predators,U17,Male,GotSport Rankings,0,AR,19,https://system.gotsport.com/api/v1/team_ranking_data?search[team_country]=USA&search[age]=17&search[gender]=m&search[page]=182,GotSport
Arkansas Rising 2009B ECNL-RL,U17,Male,GotSport Rankings,0,AR,19,https://system.gotsport.com/api/v1/team_ranking_data?search[team_country]=USA&search[age]=17&search[gender]=m&search[page]=102,GotSport
LRR 09B Black,U17,Male,GotSport Rankings,0,AR,19,https://system.gotsport.com/api/v1/team_ranking_data?search[team_country]=USA&search[age]=17&search[gender]=m&search[page]=163,GotSport
Little Rock Rangers 2009 Boys Red,U17,Male,GotSport Rankings,0,AR,20,https://system.gotsport.com/api/v1/team_ranking_data?search[team_country]=USA&search[age]=17&search[gender]=m&search[page]=168,GotSport
Searcy Rangers 2008-10 Girls,U18,Female,GotSport Rankings,0,AR,1,https://system.gotsport.com/api/v1/team_ranking_data?search[team_country]=USA&search[age]=18&search[gender]=f&search[page]=25,GotSport
ARFC 08/09G,U18,Female,GotSport Rankings,0,AR,3,https://system.gotsport.com/api/v1/team_ranking_data?search[team_country]=USA&search[age]=18&search[gender]=f&search[page]=61,GotSport
Arkansas Comets 2007/2008G ECNL RL,U18,Female,GotSport Rankings,0,AR,3,https://system.gotsport.com/api/v1/team_ranking_data?search[team_country]=USA&search[age]=18&search[gender]=f&search[page]=6,GotSport
Little Rock Rangers 2008 Girls,U18,Female,GotSport Rankings,0,AR,4,https://system.gotsport.com/api/v1/team_ranking_data?search[team_country]=USA&search[age]=18&search[gender]=f&search[page]=54,GotSport
CASC 08/09 Wildcats,U18,Female,GotSport Rankings,0,AR,11,https://system.gotsport.com/api/v1/team_ranking_data?search[team_country]=USA&search[age]=18&search[gender]=f&search[page]=20,GotSport
Arkansas Rising 2008 Girls - RL,U18,Female,GotSport Rankings,0,AR,14,https://system.gotsport.com/api/v1/team_ranking_data?search[team_country]=USA&search[age]=18&search[gender]=f&search[page]=59,GotSport
Bentonville FC Prodigy 08/09 Girls,U18,Female,GotSport Rankings,0,AR,14,https://system.gotsport.com/api/v1/team_ranking_data?search[team_country]=USA&search[age]=18&search[gender]=f&search[page]=58,GotSport
Bentonville FC Prodigy 08/09 Boys,U18,Male,GotSport Rankings,0,AR,6,https://system.gotsport.com/api/v1/team_ranking_data?search[team_country]=USA&search[age]=18&search[gender]=m&search[page]=71,GotSport
SS ACADEMY 2009B SELECT,U18,Male,GotSport Rankings,0,AR,10,https://system.gotsport.com/api/v1/team_ranking_data?search[team_country]=USA&search[age]=18&search[gender]=m&search[page]=131,GotSport
CASC 08 Force,U18,Male,GotSport Rankings,0,AR,11,https://system.gotsport.com/api/v1/team_ranking_data?search[team_country]=USA&search[age]=18&search[gender]=m&search[page]=67,GotSport
Little Rock Rangers 2008 Boys Black,U18,Male,GotSport Rankings,0,AR,11,https://system.gotsport.com/api/v1/team_ranking_data?search[team_country]=USA&search[age]=18&search[gender]=m&search[page]=60,GotSport
Sporting Arkansas 2008B Flamengo,U18,Male,GotSport Rankings,0,AR,11,https://system.gotsport.com/api/v1/team_ranking_data?search[team_country]=USA&search[age]=18&search[gender]=m&search[page]=8,GotSport
Arkansas Rising 2008 Boys - RL,U18,Male,GotSport Rankings,0,AR,12,https://system.gotsport.com/api/v1/team_ranking_data?search[team_country]=USA&search[age]=18&search[gender]=m&search[page]=34,GotSport
Spa City FC 2008B,U18,Male,GotSport Rankings,0,AR,12,https://system.gotsport.com/api/v1/team_ranking_data?search[team_country]=USA&search[age]=18&search[gender]=m&search[page]=97,GotSport
Little Rock Rangers 2008 Boys Red,U18,Male,GotSport Rankings,0,AR,14,https://system.gotsport.com/api/v1/team_ranking_data?search[team_country]=USA&search[age]=18&search[gender]=m&search[page]=101,GotSport
SS ACADEMY 2008/2009B ELITE,U18,Male,GotSport Rankings,0,AR,17,https://system.gotsport.com/api/v1/team_ranking_data?search[team_country]=USA&search[age]=18&search[gender]=m&search[page]=83,GotSport
