team_name,age_group,gender,state,rank,points,source,provider,url
2024_2025 MISSISSIPPI RUSH 2016 GIRLS JACKSON,U10,Female,MS,4,0,GotSport Rankings,GotSport,https://system.gotsport.com/api/v1/team_ranking_data?search[team_country]=USA&search[age]=10&search[gender]=f&search[page]=95
Alliance FC 2016 Girls,U10,Female,MS,4,0,GotSport Rankings,GotSport,https://system.gotsport.com/api/v1/team_ranking_data?search[team_country]=USA&search[age]=10&search[gender]=f&search[page]=26
2024_2025 MISSISSIPPI RUSH 2016 GIRLS MADISON PREMIER,U10,Female,MS,5,0,GotSport Rankings,GotSport,https://system.gotsport.com/api/v1/team_ranking_data?search[team_country]=USA&search[age]=10&search[gender]=f&search[page]=38
RSC 2016 GIRLS BRANDON BLACK,U10,Female,MS,11,0,GotSport Rankings,GotSport,https://system.gotsport.com/api/v1/team_ranking_data?search[team_country]=USA&search[age]=10&search[gender]=f&search[page]=88
Desoto FC 16G,U10,Female,MS,13,0,GotSport Rankings,GotSport,https://system.gotsport.com/api/v1/team_ranking_data?search[team_country]=USA&search[age]=10&search[gender]=f&search[page]=69
Oxford FC 2016 Girls Red,U10,Female,MS,13,0,GotSport Rankings,GotSport,https://system.gotsport.com/api/v1/team_ranking_data?search[team_country]=USA&search[age]=10&search[gender]=f&search[page]=98
Oxford FC 2016 Girls Navy,U10,Female,MS,16,0,GotSport Rankings,GotSport,https://system.gotsport.com/api/v1/team_ranking_data?search[team_country]=USA&search[age]=10&search[gender]=f&search[page]=60
2016 Lobos Rush HERNANDO White,U10,Male,MS,2,0,GotSport Rankings,GotSport,https://system.gotsport.com/api/v1/team_ranking_data?search[team_country]=USA&search[age]=10&search[gender]=m&search[page]=123
DC Panthers 2016 Elite,U10,Male,MS,2,0,GotSport Rankings,GotSport,https://system.gotsport.com/api/v1/team_ranking_data?search[team_country]=USA&search[age]=10&search[gender]=m&search[page]=88
Oxford FC 2016 Boys Navy,U10,Male,MS,2,0,GotSport Rankings,GotSport,https://system.gotsport.com/api/v1/team_ranking_data?search[team_country]=USA&search[age]=10&search[gender]=m&search[page]=93
2016 Lobos Rush HERNANDO Blue,U10,Male,MS,3,0,GotSport Rankings,GotSport,https://system.gotsport.com/api/v1/team_ranking_data?search[team_country]=USA&search[age]=10&search[gender]=m&search[page]=164
2016 Lobos Rush DeSoto White,U10,Male,MS,6,0,GotSport Rankings,GotSport,https://system.gotsport.com/api/v1/team_ranking_data?search[team_country]=USA&search[age]=10&search[gender]=m&search[page]=61
2016 Lobos Rush DeSoto White,U10,Male,MS,8,0,GotSport Rankings,GotSport,https://system.gotsport.com/api/v1/team_ranking_data?search[team_country]=USA&search[age]=10&search[gender]=m&search[page]=62
Golden Triangle Elite U8 Academy Boys,U10,Male,MS,8,0,GotSport Rankings,GotSport,https://system.gotsport.com/api/v1/team_ranking_data?search[team_country]=USA&search[age]=10&search[gender]=m&search[page]=166
RSC 2016 BOYS BRANDON BLACK,U10,Male,MS,9,0,GotSport Rankings,GotSport,https://system.gotsport.com/api/v1/team_ranking_data?search[team_country]=USA&search[age]=10&search[gender]=m&search[page]=146
Desoto FC 16B,U10,Male,MS,13,0,GotSport Rankings,GotSport,https://system.gotsport.com/api/v1/team_ranking_data?search[team_country]=USA&search[age]=10&search[gender]=m&search[page]=50
DC Panthers 2016 Premier,U10,Male,MS,17,0,GotSport Rankings,GotSport,https://system.gotsport.com/api/v1/team_ranking_data?search[team_country]=USA&search[age]=10&search[gender]=m&search[page]=28
MISSISSIPPI RUSH 2016 BOYS MADISON PREMIER,U10,Male,MS,17,0,GotSport Rankings,GotSport,https://system.gotsport.com/api/v1/team_ranking_data?search[team_country]=USA&search[age]=10&search[gender]=m&search[page]=22
2016 Lobos Rush DESOTO Blue,U10,Male,MS,20,0,GotSport Rankings,GotSport,https://system.gotsport.com/api/v1/team_ranking_data?search[team_country]=USA&search[age]=10&search[gender]=m&search[page]=121
Oxford FC 2016 Boys Red,U10,Male,MS,20,0,GotSport Rankings,GotSport,https://system.gotsport.com/api/v1/team_ranking_data?search[team_country]=USA&search[age]=10&search[gender]=m&search[page]=120
Brilla JUNIORS 2015 Girls,U11,Female,MS,1,0,GotSport Rankings,GotSport,https://system.gotsport.com/api/v1/team_ranking_data?search[team_country]=USA&search[age]=11&search[gender]=f&search[page]=230
MISSISSIPPI RUSH 2015 GIRLS MADISON PREMIER.,U11,Female,MS,1,0,GotSport Rankings,GotSport,https://system.gotsport.com/api/v1/team_ranking_data?search[team_country]=USA&search[age]=11&search[gender]=f&search[page]=73
Oxford FC 2015 Girls Navy,U11,Female,MS,1,0,GotSport Rankings,GotSport,https://system.gotsport.com/api/v1/team_ranking_data?search[team_country]=USA&search[age]=11&search[gender]=f&search[page]=170
TFC-Fulton U11 Girls,U11,Female,MS,1,0,GotSport Rankings,GotSport,https://system.gotsport.com/api/v1/team_ranking_data?search[team_country]=USA&search[age]=11&search[gender]=f&search[page]=229
Tupelo Futbol Club 2015 Girls,U11,Female,MS,1,0,GotSport Rankings,GotSport,https://system.gotsport.com/api/v1/team_ranking_data?search[team_country]=USA&search[age]=11&search[gender]=f&search[page]=233
Greenville Blues 2015/16 Girls,U11,Female,MS,2,0,GotSport Rankings,GotSport,https://system.gotsport.com/api/v1/team_ranking_data?search[team_country]=USA&search[age]=11&search[gender]=f&search[page]=197
2015/16 Lady Lobos Rush DESOTO Blue,U11,Female,MS,4,0,GotSport Rankings,GotSport,https://system.gotsport.com/api/v1/team_ranking_data?search[team_country]=USA&search[age]=11&search[gender]=f&search[page]=113
Gluckstadt Futbol Club 15-16,U11,Female,MS,6,0,GotSport Rankings,GotSport,https://system.gotsport.com/api/v1/team_ranking_data?search[team_country]=USA&search[age]=11&search[gender]=f&search[page]=174
MS RUSH 2015 GIRLS JACKSON PREMIER,U11,Female,MS,7,0,GotSport Rankings,GotSport,https://system.gotsport.com/api/v1/team_ranking_data?search[team_country]=USA&search[age]=11&search[gender]=f&search[page]=154
TFC-Corinth U11 Girls,U11,Female,MS,8,0,GotSport Rankings,GotSport,https://system.gotsport.com/api/v1/team_ranking_data?search[team_country]=USA&search[age]=11&search[gender]=f&search[page]=237
Alliance FC 2015 Girls Premier,U11,Female,MS,9,0,GotSport Rankings,GotSport,https://system.gotsport.com/api/v1/team_ranking_data?search[team_country]=USA&search[age]=11&search[gender]=f&search[page]=136
Brilla JUNIORS 2014 Girls White,U11,Female,MS,9,0,GotSport Rankings,GotSport,https://system.gotsport.com/api/v1/team_ranking_data?search[team_country]=USA&search[age]=11&search[gender]=f&search[page]=237
Crossfire 15/16,U11,Female,MS,9,0,GotSport Rankings,GotSport,https://system.gotsport.com/api/v1/team_ranking_data?search[team_country]=USA&search[age]=11&search[gender]=f&search[page]=162
TFC-Starkville 2015 Girls,U11,Female,MS,9,0,GotSport Rankings,GotSport,https://system.gotsport.com/api/v1/team_ranking_data?search[team_country]=USA&search[age]=11&search[gender]=f&search[page]=150
MS RUSH 2015 GIRLS MADISON ELITE,U11,Female,MS,10,0,GotSport Rankings,GotSport,https://system.gotsport.com/api/v1/team_ranking_data?search[team_country]=USA&search[age]=11&search[gender]=f&search[page]=104
RSC 2015 GIRLS BRANDON BLACK,U11,Female,MS,10,0,GotSport Rankings,GotSport,https://system.gotsport.com/api/v1/team_ranking_data?search[team_country]=USA&search[age]=11&search[gender]=f&search[page]=128
HFC Academy Storm '15 White,U11,Female,MS,11,0,GotSport Rankings,GotSport,https://system.gotsport.com/api/v1/team_ranking_data?search[team_country]=USA&search[age]=11&search[gender]=f&search[page]=237
IFC 2015 Girls Premier,U11,Female,MS,11,0,GotSport Rankings,GotSport,https://system.gotsport.com/api/v1/team_ranking_data?search[team_country]=USA&search[age]=11&search[gender]=f&search[page]=161
MS Rush 15G Super Elite,U11,Female,MS,11,0,GotSport Rankings,GotSport,https://system.gotsport.com/api/v1/team_ranking_data?search[team_country]=USA&search[age]=11&search[gender]=f&search[page]=230
2015 TFC girls,U11,Female,MS,12,0,GotSport Rankings,GotSport,https://system.gotsport.com/api/v1/team_ranking_data?search[team_country]=USA&search[age]=11&search[gender]=f&search[page]=231
2015 Lady Lobos Rush DESOTO Blue,U11,Female,MS,13,0,GotSport Rankings,GotSport,https://system.gotsport.com/api/v1/team_ranking_data?search[team_country]=USA&search[age]=11&search[gender]=f&search[page]=43
Oxford FC 2015 Girls Red,U11,Female,MS,14,0,GotSport Rankings,GotSport,https://system.gotsport.com/api/v1/team_ranking_data?search[team_country]=USA&search[age]=11&search[gender]=f&search[page]=155
Alliance FC 2015 girls Premier,U11,Female,MS,15,0,GotSport Rankings,GotSport,https://system.gotsport.com/api/v1/team_ranking_data?search[team_country]=USA&search[age]=11&search[gender]=f&search[page]=65
HFC Academy Storm '15 Navy,U11,Female,MS,16,0,GotSport Rankings,GotSport,https://system.gotsport.com/api/v1/team_ranking_data?search[team_country]=USA&search[age]=11&search[gender]=f&search[page]=220
MS Rush 14G Select,U11,Female,MS,20,0,GotSport Rankings,GotSport,https://system.gotsport.com/api/v1/team_ranking_data?search[team_country]=USA&search[age]=11&search[gender]=f&search[page]=102
Desoto FC 15B,U11,Male,MS,1,0,GotSport Rankings,GotSport,https://system.gotsport.com/api/v1/team_ranking_data?search[team_country]=USA&search[age]=11&search[gender]=m&search[page]=99
Gluckstadt FC 2015 - White,U11,Male,MS,2,0,GotSport Rankings,GotSport,https://system.gotsport.com/api/v1/team_ranking_data?search[team_country]=USA&search[age]=11&search[gender]=m&search[page]=389
Oxford FC 2013 Boys,U11,Male,MS,2,0,GotSport Rankings,GotSport,https://system.gotsport.com/api/v1/team_ranking_data?search[team_country]=USA&search[age]=11&search[gender]=m&search[page]=380
2015 Lobos Rush DESOTO Blue,U11,Male,MS,3,0,GotSport Rankings,GotSport,https://system.gotsport.com/api/v1/team_ranking_data?search[team_country]=USA&search[age]=11&search[gender]=m&search[page]=84
MS Rush 15B Madison Elite Blue,U11,Male,MS,3,0,GotSport Rankings,GotSport,https://system.gotsport.com/api/v1/team_ranking_data?search[team_country]=USA&search[age]=11&search[gender]=m&search[page]=346
VSO 15 boys,U11,Male,MS,3,0,GotSport Rankings,GotSport,https://system.gotsport.com/api/v1/team_ranking_data?search[team_country]=USA&search[age]=11&search[gender]=m&search[page]=389
Alliance FC 2015 boys,U11,Male,MS,4,0,GotSport Rankings,GotSport,https://system.gotsport.com/api/v1/team_ranking_data?search[team_country]=USA&search[age]=11&search[gender]=m&search[page]=367
Tupelo Futbol Club 2015 Boys Blue,U11,Male,MS,5,0,GotSport Rankings,GotSport,https://system.gotsport.com/api/v1/team_ranking_data?search[team_country]=USA&search[age]=11&search[gender]=m&search[page]=291
Brilla JUNIORS 2015 Boys Blue,U11,Male,MS,7,0,GotSport Rankings,GotSport,https://system.gotsport.com/api/v1/team_ranking_data?search[team_country]=USA&search[age]=11&search[gender]=m&search[page]=167
MISSISSIPPI RUSH 2015 BOYS JACKSON ELITE,U11,Male,MS,7,0,GotSport Rankings,GotSport,https://system.gotsport.com/api/v1/team_ranking_data?search[team_country]=USA&search[age]=11&search[gender]=m&search[page]=389
RSC 2015 BOYS BRANDON BLACK,U11,Male,MS,9,0,GotSport Rankings,GotSport,https://system.gotsport.com/api/v1/team_ranking_data?search[team_country]=USA&search[age]=11&search[gender]=m&search[page]=102
Academy Pre-MLS 2015,U11,Male,MS,10,0,GotSport Rankings,GotSport,https://system.gotsport.com/api/v1/team_ranking_data?search[team_country]=USA&search[age]=11&search[gender]=m&search[page]=389
Greenville Blues 2015 Boys,U11,Male,MS,11,0,GotSport Rankings,GotSport,https://system.gotsport.com/api/v1/team_ranking_data?search[team_country]=USA&search[age]=11&search[gender]=m&search[page]=155
2024_2025 MISSISSIPPI RUSH 2015 BOYS SELECT,U11,Male,MS,12,0,GotSport Rankings,GotSport,https://system.gotsport.com/api/v1/team_ranking_data?search[team_country]=USA&search[age]=11&search[gender]=m&search[page]=249
IFC 2015 Boys Elite,U11,Male,MS,12,0,GotSport Rankings,GotSport,https://system.gotsport.com/api/v1/team_ranking_data?search[team_country]=USA&search[age]=11&search[gender]=m&search[page]=245
Gluckstadt FC 2015 - Green,U11,Male,MS,13,0,GotSport Rankings,GotSport,https://system.gotsport.com/api/v1/team_ranking_data?search[team_country]=USA&search[age]=11&search[gender]=m&search[page]=389
Tupelo FC 2015 Boys White,U11,Male,MS,13,0,GotSport Rankings,GotSport,https://system.gotsport.com/api/v1/team_ranking_data?search[team_country]=USA&search[age]=11&search[gender]=m&search[page]=411
HFC Academy Thunder '15 Navy 1,U11,Male,MS,15,0,GotSport Rankings,GotSport,https://system.gotsport.com/api/v1/team_ranking_data?search[team_country]=USA&search[age]=11&search[gender]=m&search[page]=214
HFC Academy Thunder '15 Navy 2,U11,Male,MS,15,0,GotSport Rankings,GotSport,https://system.gotsport.com/api/v1/team_ranking_data?search[team_country]=USA&search[age]=11&search[gender]=m&search[page]=379
IFC 2015 Boys Academy,U11,Male,MS,15,0,GotSport Rankings,GotSport,https://system.gotsport.com/api/v1/team_ranking_data?search[team_country]=USA&search[age]=11&search[gender]=m&search[page]=387
2015 Lobos Rush HERNANDO Blue,U11,Male,MS,16,0,GotSport Rankings,GotSport,https://system.gotsport.com/api/v1/team_ranking_data?search[team_country]=USA&search[age]=11&search[gender]=m&search[page]=124
MISSISSIPPI RUSH 2015 BOYS JACKSON SELECT,U11,Male,MS,17,0,GotSport Rankings,GotSport,https://system.gotsport.com/api/v1/team_ranking_data?search[team_country]=USA&search[age]=11&search[gender]=m&search[page]=388
MS RUSH 2015 BOYS MADISON PREMIER,U11,Male,MS,17,0,GotSport Rankings,GotSport,https://system.gotsport.com/api/v1/team_ranking_data?search[team_country]=USA&search[age]=11&search[gender]=m&search[page]=168
Desoto Tornados,U11,Male,MS,18,0,GotSport Rankings,GotSport,https://system.gotsport.com/api/v1/team_ranking_data?search[team_country]=USA&search[age]=11&search[gender]=m&search[page]=414
IFC 2015 Boys Premier,U11,Male,MS,18,0,GotSport Rankings,GotSport,https://system.gotsport.com/api/v1/team_ranking_data?search[team_country]=USA&search[age]=11&search[gender]=m&search[page]=247
Oxford FC 2015 Boys,U11,Male,MS,18,0,GotSport Rankings,GotSport,https://system.gotsport.com/api/v1/team_ranking_data?search[team_country]=USA&search[age]=11&search[gender]=m&search[page]=286
Desoto FC 15B,U11,Male,MS,19,0,GotSport Rankings,GotSport,https://system.gotsport.com/api/v1/team_ranking_data?search[team_country]=USA&search[age]=11&search[gender]=m&search[page]=98
MS RUSH 2015 B JACKSON PREMIER,U11,Male,MS,19,0,GotSport Rankings,GotSport,https://system.gotsport.com/api/v1/team_ranking_data?search[team_country]=USA&search[age]=11&search[gender]=m&search[page]=215
2015 Lobos Rush DESOTO White,U11,Male,MS,20,0,GotSport Rankings,GotSport,https://system.gotsport.com/api/v1/team_ranking_data?search[team_country]=USA&search[age]=11&search[gender]=m&search[page]=141
2024_2025 MISSISSIPPI RUSH 2015 BOYS MADISON ELITE WHITE,U11,Male,MS,20,0,GotSport Rankings,GotSport,https://system.gotsport.com/api/v1/team_ranking_data?search[team_country]=USA&search[age]=11&search[gender]=m&search[page]=291
Brilla JUNIORS 2015 Boys White,U11,Male,MS,20,0,GotSport Rankings,GotSport,https://system.gotsport.com/api/v1/team_ranking_data?search[team_country]=USA&search[age]=11&search[gender]=m&search[page]=388
RSC 2014 GIRLS PREMIER,U12,Female,MS,1,0,GotSport Rankings,GotSport,https://system.gotsport.com/api/v1/team_ranking_data?search[team_country]=USA&search[age]=12&search[gender]=f&search[page]=244
2014 Girls Black,U12,Female,MS,2,0,GotSport Rankings,GotSport,https://system.gotsport.com/api/v1/team_ranking_data?search[team_country]=USA&search[age]=12&search[gender]=f&search[page]=118
MISSISSIPPI RUSH 2014 GIRLS MADISON ELITE,U12,Female,MS,2,0,GotSport Rankings,GotSport,https://system.gotsport.com/api/v1/team_ranking_data?search[team_country]=USA&search[age]=12&search[gender]=f&search[page]=253
MS RUSH 2014 GIRLS MADISON SELECT,U12,Female,MS,2,0,GotSport Rankings,GotSport,https://system.gotsport.com/api/v1/team_ranking_data?search[team_country]=USA&search[age]=12&search[gender]=f&search[page]=244
Ole Brook FC Girls 12-15,U12,Female,MS,3,0,GotSport Rankings,GotSport,https://system.gotsport.com/api/v1/team_ranking_data?search[team_country]=USA&search[age]=12&search[gender]=f&search[page]=237
Oxford FC 2013 Girls Red,U12,Female,MS,3,0,GotSport Rankings,GotSport,https://system.gotsport.com/api/v1/team_ranking_data?search[team_country]=USA&search[age]=12&search[gender]=f&search[page]=169
Alliance FC 2014 girls,U12,Female,MS,4,0,GotSport Rankings,GotSport,https://system.gotsport.com/api/v1/team_ranking_data?search[team_country]=USA&search[age]=12&search[gender]=f&search[page]=195
Greenville Blues 2014/15 Girls,U12,Female,MS,4,0,GotSport Rankings,GotSport,https://system.gotsport.com/api/v1/team_ranking_data?search[team_country]=USA&search[age]=12&search[gender]=f&search[page]=234
Mississippi Valley Storm - Valkyrie 2014G,U12,Female,MS,4,0,GotSport Rankings,GotSport,https://system.gotsport.com/api/v1/team_ranking_data?search[team_country]=USA&search[age]=12&search[gender]=f&search[page]=245
RSC 2014 GIRLS CENTRAL,U12,Female,MS,6,0,GotSport Rankings,GotSport,https://system.gotsport.com/api/v1/team_ranking_data?search[team_country]=USA&search[age]=12&search[gender]=f&search[page]=192
SMSC 2014G - Blue,U12,Female,MS,6,0,GotSport Rankings,GotSport,https://system.gotsport.com/api/v1/team_ranking_data?search[team_country]=USA&search[age]=12&search[gender]=f&search[page]=180
TFC-Booneville U12 Girls,U12,Female,MS,6,0,GotSport Rankings,GotSport,https://system.gotsport.com/api/v1/team_ranking_data?search[team_country]=USA&search[age]=12&search[gender]=f&search[page]=257
Tupelo FC 2013 Girls Pre- ECRL II,U12,Female,MS,6,0,GotSport Rankings,GotSport,https://system.gotsport.com/api/v1/team_ranking_data?search[team_country]=USA&search[age]=12&search[gender]=f&search[page]=241
TFC-New Albany U12 Girls,U12,Female,MS,7,0,GotSport Rankings,GotSport,https://system.gotsport.com/api/v1/team_ranking_data?search[team_country]=USA&search[age]=12&search[gender]=f&search[page]=257
MS Rush 2014,U12,Female,MS,8,0,GotSport Rankings,GotSport,https://system.gotsport.com/api/v1/team_ranking_data?search[team_country]=USA&search[age]=12&search[gender]=f&search[page]=148
Tupelo Futbol Club 2014 Girls - Blue,U12,Female,MS,8,0,GotSport Rankings,GotSport,https://system.gotsport.com/api/v1/team_ranking_data?search[team_country]=USA&search[age]=12&search[gender]=f&search[page]=137
Fireflies RP,U12,Female,MS,9,0,GotSport Rankings,GotSport,https://system.gotsport.com/api/v1/team_ranking_data?search[team_country]=USA&search[age]=12&search[gender]=f&search[page]=235
HFC Storm '14 Navy,U12,Female,MS,9,0,GotSport Rankings,GotSport,https://system.gotsport.com/api/v1/team_ranking_data?search[team_country]=USA&search[age]=12&search[gender]=f&search[page]=255
IFC 13 Girls Elite,U12,Female,MS,9,0,GotSport Rankings,GotSport,https://system.gotsport.com/api/v1/team_ranking_data?search[team_country]=USA&search[age]=12&search[gender]=f&search[page]=125
MS RUSH 2014 GIRLS JACKSON PREMIER,U12,Female,MS,9,0,GotSport Rankings,GotSport,https://system.gotsport.com/api/v1/team_ranking_data?search[team_country]=USA&search[age]=12&search[gender]=f&search[page]=162
2014 Lady Lobos Rush DESOTO Blue,U12,Female,MS,10,0,GotSport Rankings,GotSport,https://system.gotsport.com/api/v1/team_ranking_data?search[team_country]=USA&search[age]=12&search[gender]=f&search[page]=138
Golden Triangle Elite- 2014/2015 Girls,U12,Female,MS,10,0,GotSport Rankings,GotSport,https://system.gotsport.com/api/v1/team_ranking_data?search[team_country]=USA&search[age]=12&search[gender]=f&search[page]=245
IFC 2014/15 Girls Academy,U12,Female,MS,10,0,GotSport Rankings,GotSport,https://system.gotsport.com/api/v1/team_ranking_data?search[team_country]=USA&search[age]=12&search[gender]=f&search[page]=236
HFC Storm '14 White,U12,Female,MS,11,0,GotSport Rankings,GotSport,https://system.gotsport.com/api/v1/team_ranking_data?search[team_country]=USA&search[age]=12&search[gender]=f&search[page]=255
IFC 2014 Girls Premier,U12,Female,MS,11,0,GotSport Rankings,GotSport,https://system.gotsport.com/api/v1/team_ranking_data?search[team_country]=USA&search[age]=12&search[gender]=f&search[page]=75
MFC Rush 14G Cadets Blue,U12,Female,MS,11,0,GotSport Rankings,GotSport,https://system.gotsport.com/api/v1/team_ranking_data?search[team_country]=USA&search[age]=12&search[gender]=f&search[page]=236
Oxford FC 2014 Girls Navy,U12,Female,MS,12,0,GotSport Rankings,GotSport,https://system.gotsport.com/api/v1/team_ranking_data?search[team_country]=USA&search[age]=12&search[gender]=f&search[page]=157
2024_2025 MISSISSIPPI RUSH 2014 GIRLS MADISON PREMIER,U12,Female,MS,13,0,GotSport Rankings,GotSport,https://system.gotsport.com/api/v1/team_ranking_data?search[team_country]=USA&search[age]=12&search[gender]=f&search[page]=209
Alliance FC 2014 girls,U12,Female,MS,13,0,GotSport Rankings,GotSport,https://system.gotsport.com/api/v1/team_ranking_data?search[team_country]=USA&search[age]=12&search[gender]=f&search[page]=248
IFC 2014 Girls Elite,U12,Female,MS,13,0,GotSport Rankings,GotSport,https://system.gotsport.com/api/v1/team_ranking_data?search[team_country]=USA&search[age]=12&search[gender]=f&search[page]=247
Oxford FC 2014 Girls Red,U12,Female,MS,13,0,GotSport Rankings,GotSport,https://system.gotsport.com/api/v1/team_ranking_data?search[team_country]=USA&search[age]=12&search[gender]=f&search[page]=220
2014 Cannon River Belles,U12,Female,MS,14,0,GotSport Rankings,GotSport,https://system.gotsport.com/api/v1/team_ranking_data?search[team_country]=USA&search[age]=12&search[gender]=f&search[page]=156
MS Rush 14G Madison Premier,U12,Female,MS,14,0,GotSport Rankings,GotSport,https://system.gotsport.com/api/v1/team_ranking_data?search[team_country]=USA&search[age]=12&search[gender]=f&search[page]=143
HFC 2013 Girls,U12,Female,MS,15,0,GotSport Rankings,GotSport,https://system.gotsport.com/api/v1/team_ranking_data?search[team_country]=USA&search[age]=12&search[gender]=f&search[page]=239
Delta Red Bulls 2014G,U12,Female,MS,16,0,GotSport Rankings,GotSport,https://system.gotsport.com/api/v1/team_ranking_data?search[team_country]=USA&search[age]=12&search[gender]=f&search[page]=104
Gluckstadt Futbol Club 14-15,U12,Female,MS,16,0,GotSport Rankings,GotSport,https://system.gotsport.com/api/v1/team_ranking_data?search[team_country]=USA&search[age]=12&search[gender]=f&search[page]=235
IFC 13 Girls Premier,U12,Female,MS,17,0,GotSport Rankings,GotSport,https://system.gotsport.com/api/v1/team_ranking_data?search[team_country]=USA&search[age]=12&search[gender]=f&search[page]=258
RSC 2014 GIRLS ELITE,U12,Female,MS,17,0,GotSport Rankings,GotSport,https://system.gotsport.com/api/v1/team_ranking_data?search[team_country]=USA&search[age]=12&search[gender]=f&search[page]=169
Brilla JUNIORS 2014 Girls Blue,U12,Female,MS,20,0,GotSport Rankings,GotSport,https://system.gotsport.com/api/v1/team_ranking_data?search[team_country]=USA&search[age]=12&search[gender]=f&search[page]=255
MPRD Kryptonite,U12,Male,MS,3,0,GotSport Rankings,GotSport,https://system.gotsport.com/api/v1/team_ranking_data?search[team_country]=USA&search[age]=12&search[gender]=m&search[page]=423
Tupelo Futbol Club 2014 Boys Blue,U12,Male,MS,3,0,GotSport Rankings,GotSport,https://system.gotsport.com/api/v1/team_ranking_data?search[team_country]=USA&search[age]=12&search[gender]=m&search[page]=273
MS Rush 14B Jackson Premier,U12,Male,MS,4,0,GotSport Rankings,GotSport,https://system.gotsport.com/api/v1/team_ranking_data?search[team_country]=USA&search[age]=12&search[gender]=m&search[page]=220
RSC 2014 BOYS PREMIER,U12,Male,MS,4,0,GotSport Rankings,GotSport,https://system.gotsport.com/api/v1/team_ranking_data?search[team_country]=USA&search[age]=12&search[gender]=m&search[page]=186
HFC Thunder '14 White,U12,Male,MS,5,0,GotSport Rankings,GotSport,https://system.gotsport.com/api/v1/team_ranking_data?search[team_country]=USA&search[age]=12&search[gender]=m&search[page]=437
Tupelo FC 2013 Boys Pre ECRL II,U12,Male,MS,5,0,GotSport Rankings,GotSport,https://system.gotsport.com/api/v1/team_ranking_data?search[team_country]=USA&search[age]=12&search[gender]=m&search[page]=426
BAYS Select U11B,U12,Male,MS,6,0,GotSport Rankings,GotSport,https://system.gotsport.com/api/v1/team_ranking_data?search[team_country]=USA&search[age]=12&search[gender]=m&search[page]=442
Brilla JUNIORS 2014 Boys Blue,U12,Male,MS,9,0,GotSport Rankings,GotSport,https://system.gotsport.com/api/v1/team_ranking_data?search[team_country]=USA&search[age]=12&search[gender]=m&search[page]=302
Crossfire 14/15 Boys,U12,Male,MS,9,0,GotSport Rankings,GotSport,https://system.gotsport.com/api/v1/team_ranking_data?search[team_country]=USA&search[age]=12&search[gender]=m&search[page]=429
Desoto FC 14B,U12,Male,MS,9,0,GotSport Rankings,GotSport,https://system.gotsport.com/api/v1/team_ranking_data?search[team_country]=USA&search[age]=12&search[gender]=m&search[page]=393
Brilla JUNIORS 2014 Boys White,U12,Male,MS,10,0,GotSport Rankings,GotSport,https://system.gotsport.com/api/v1/team_ranking_data?search[team_country]=USA&search[age]=12&search[gender]=m&search[page]=404
RSC 2014 BOYS ELITE,U12,Male,MS,10,0,GotSport Rankings,GotSport,https://system.gotsport.com/api/v1/team_ranking_data?search[team_country]=USA&search[age]=12&search[gender]=m&search[page]=429
TFC Corinth U12 Boys,U12,Male,MS,10,0,GotSport Rankings,GotSport,https://system.gotsport.com/api/v1/team_ranking_data?search[team_country]=USA&search[age]=12&search[gender]=m&search[page]=267
Tupelo Futbol Club 2014 Boys White,U12,Male,MS,10,0,GotSport Rankings,GotSport,https://system.gotsport.com/api/v1/team_ranking_data?search[team_country]=USA&search[age]=12&search[gender]=m&search[page]=271
Alliance FC 2014 Boys,U12,Male,MS,11,0,GotSport Rankings,GotSport,https://system.gotsport.com/api/v1/team_ranking_data?search[team_country]=USA&search[age]=12&search[gender]=m&search[page]=448
HFC Thunder '14/'15,U12,Male,MS,11,0,GotSport Rankings,GotSport,https://system.gotsport.com/api/v1/team_ranking_data?search[team_country]=USA&search[age]=12&search[gender]=m&search[page]=404
TFC-New Albany U12 Boys,U12,Male,MS,11,0,GotSport Rankings,GotSport,https://system.gotsport.com/api/v1/team_ranking_data?search[team_country]=USA&search[age]=12&search[gender]=m&search[page]=420
MS RUSH 2014 BOYS JACKSON ELITE,U12,Male,MS,12,0,GotSport Rankings,GotSport,https://system.gotsport.com/api/v1/team_ranking_data?search[team_country]=USA&search[age]=12&search[gender]=m&search[page]=252
MS Rush 2014B Madison Premier,U12,Male,MS,12,0,GotSport Rankings,GotSport,https://system.gotsport.com/api/v1/team_ranking_data?search[team_country]=USA&search[age]=12&search[gender]=m&search[page]=281
Oxford FC 2015-2014 Boys Developmental,U12,Male,MS,12,0,GotSport Rankings,GotSport,https://system.gotsport.com/api/v1/team_ranking_data?search[team_country]=USA&search[age]=12&search[gender]=m&search[page]=288
Academy Pre-MLS 2014,U12,Male,MS,13,0,GotSport Rankings,GotSport,https://system.gotsport.com/api/v1/team_ranking_data?search[team_country]=USA&search[age]=12&search[gender]=m&search[page]=450
Academy STARS 2014,U12,Male,MS,13,0,GotSport Rankings,GotSport,https://system.gotsport.com/api/v1/team_ranking_data?search[team_country]=USA&search[age]=12&search[gender]=m&search[page]=434
GTE U12 Boys,U12,Male,MS,13,0,GotSport Rankings,GotSport,https://system.gotsport.com/api/v1/team_ranking_data?search[team_country]=USA&search[age]=12&search[gender]=m&search[page]=420
MS Rush 2014B Select,U12,Male,MS,13,0,GotSport Rankings,GotSport,https://system.gotsport.com/api/v1/team_ranking_data?search[team_country]=USA&search[age]=12&search[gender]=m&search[page]=404
TFC - Starkville 2014 Boys,U12,Male,MS,13,0,GotSport Rankings,GotSport,https://system.gotsport.com/api/v1/team_ranking_data?search[team_country]=USA&search[age]=12&search[gender]=m&search[page]=337
HFC Thunder '14 Navy,U12,Male,MS,14,0,GotSport Rankings,GotSport,https://system.gotsport.com/api/v1/team_ranking_data?search[team_country]=USA&search[age]=12&search[gender]=m&search[page]=196
TFC-Booneville U12 Boys,U12,Male,MS,14,0,GotSport Rankings,GotSport,https://system.gotsport.com/api/v1/team_ranking_data?search[team_country]=USA&search[age]=12&search[gender]=m&search[page]=420
2014 Lobos Rush DESOTO Blue,U12,Male,MS,15,0,GotSport Rankings,GotSport,https://system.gotsport.com/api/v1/team_ranking_data?search[team_country]=USA&search[age]=12&search[gender]=m&search[page]=66
MISSISSIPPI RUSH 2014 BOYS UNION,U12,Male,MS,15,0,GotSport Rankings,GotSport,https://system.gotsport.com/api/v1/team_ranking_data?search[team_country]=USA&search[age]=12&search[gender]=m&search[page]=299
MS RUSH 2014 BOYS MADISON ELITE BLUE,U12,Male,MS,15,0,GotSport Rankings,GotSport,https://system.gotsport.com/api/v1/team_ranking_data?search[team_country]=USA&search[age]=12&search[gender]=m&search[page]=441
Oxford FC 2014 Boys,U12,Male,MS,15,0,GotSport Rankings,GotSport,https://system.gotsport.com/api/v1/team_ranking_data?search[team_country]=USA&search[age]=12&search[gender]=m&search[page]=128
2014 Lobos Rush DESOTO White,U12,Male,MS,16,0,GotSport Rankings,GotSport,https://system.gotsport.com/api/v1/team_ranking_data?search[team_country]=USA&search[age]=12&search[gender]=m&search[page]=158
Delta Red Bulls 2014B,U12,Male,MS,16,0,GotSport Rankings,GotSport,https://system.gotsport.com/api/v1/team_ranking_data?search[team_country]=USA&search[age]=12&search[gender]=m&search[page]=331
GCUFC 14B Blue,U12,Male,MS,16,0,GotSport Rankings,GotSport,https://system.gotsport.com/api/v1/team_ranking_data?search[team_country]=USA&search[age]=12&search[gender]=m&search[page]=450
GULFSOUTH SC 14 Boys Blue,U12,Male,MS,16,0,GotSport Rankings,GotSport,https://system.gotsport.com/api/v1/team_ranking_data?search[team_country]=USA&search[age]=12&search[gender]=m&search[page]=404
IFC 2014 Boys Elite,U12,Male,MS,16,0,GotSport Rankings,GotSport,https://system.gotsport.com/api/v1/team_ranking_data?search[team_country]=USA&search[age]=12&search[gender]=m&search[page]=441
Pearl Futbol 2013/2014B,U12,Male,MS,17,0,GotSport Rankings,GotSport,https://system.gotsport.com/api/v1/team_ranking_data?search[team_country]=USA&search[age]=12&search[gender]=m&search[page]=416
IFC 2014 Boys Premier,U12,Male,MS,18,0,GotSport Rankings,GotSport,https://system.gotsport.com/api/v1/team_ranking_data?search[team_country]=USA&search[age]=12&search[gender]=m&search[page]=332
MFC Rush 14B Cadets Blue,U12,Male,MS,18,0,GotSport Rankings,GotSport,https://system.gotsport.com/api/v1/team_ranking_data?search[team_country]=USA&search[age]=12&search[gender]=m&search[page]=445
MS RUSH 2014 BOYS MADISON ELITE WHITE,U12,Male,MS,19,0,GotSport Rankings,GotSport,https://system.gotsport.com/api/v1/team_ranking_data?search[team_country]=USA&search[age]=12&search[gender]=m&search[page]=373
BAYS SELECT U12B,U12,Male,MS,20,0,GotSport Rankings,GotSport,https://system.gotsport.com/api/v1/team_ranking_data?search[team_country]=USA&search[age]=12&search[gender]=m&search[page]=415
Byram Vipers Academy RP,U12,Male,MS,20,0,GotSport Rankings,GotSport,https://system.gotsport.com/api/v1/team_ranking_data?search[team_country]=USA&search[age]=12&search[gender]=m&search[page]=296
GCUFC 14B White,U12,Male,MS,20,0,GotSport Rankings,GotSport,https://system.gotsport.com/api/v1/team_ranking_data?search[team_country]=USA&search[age]=12&search[gender]=m&search[page]=450
HFC Storm '13 Navy,U13,Female,MS,1,0,GotSport Rankings,GotSport,https://system.gotsport.com/api/v1/team_ranking_data?search[team_country]=USA&search[age]=13&search[gender]=f&search[page]=150
2024_2025 MISSISSIPPI RUSH 2013 GIRLS JACKSON PREMIER,U13,Female,MS,4,0,GotSport Rankings,GotSport,https://system.gotsport.com/api/v1/team_ranking_data?search[team_country]=USA&search[age]=13&search[gender]=f&search[page]=116
HFC Storm '13 White,U13,Female,MS,4,0,GotSport Rankings,GotSport,https://system.gotsport.com/api/v1/team_ranking_data?search[team_country]=USA&search[age]=13&search[gender]=f&search[page]=263
MS Rush 13G Elite,U13,Female,MS,4,0,GotSport Rankings,GotSport,https://system.gotsport.com/api/v1/team_ranking_data?search[team_country]=USA&search[age]=13&search[gender]=f&search[page]=245
Tupelo Futbol Club 2013 Girls Blue,U13,Female,MS,4,0,GotSport Rankings,GotSport,https://system.gotsport.com/api/v1/team_ranking_data?search[team_country]=USA&search[age]=13&search[gender]=f&search[page]=145
13/14 LLR Hernando,U13,Female,MS,5,0,GotSport Rankings,GotSport,https://system.gotsport.com/api/v1/team_ranking_data?search[team_country]=USA&search[age]=13&search[gender]=f&search[page]=256
Crossfire 13,U13,Female,MS,5,0,GotSport Rankings,GotSport,https://system.gotsport.com/api/v1/team_ranking_data?search[team_country]=USA&search[age]=13&search[gender]=f&search[page]=263
MS RUSH 2013 GIRLS JACKSON ELITE,U13,Female,MS,5,0,GotSport Rankings,GotSport,https://system.gotsport.com/api/v1/team_ranking_data?search[team_country]=USA&search[age]=13&search[gender]=f&search[page]=247
NWRAA Rec Plus 2013 Girls,U13,Female,MS,6,0,GotSport Rankings,GotSport,https://system.gotsport.com/api/v1/team_ranking_data?search[team_country]=USA&search[age]=13&search[gender]=f&search[page]=180
RSC 2013 GIRLS ELITE,U13,Female,MS,6,0,GotSport Rankings,GotSport,https://system.gotsport.com/api/v1/team_ranking_data?search[team_country]=USA&search[age]=13&search[gender]=f&search[page]=251
Tupelo Futbol Club 2013 Girls Pre ECRL I,U13,Female,MS,6,0,GotSport Rankings,GotSport,https://system.gotsport.com/api/v1/team_ranking_data?search[team_country]=USA&search[age]=13&search[gender]=f&search[page]=45
D2 GIRLS 2013,U13,Female,MS,7,0,GotSport Rankings,GotSport,https://system.gotsport.com/api/v1/team_ranking_data?search[team_country]=USA&search[age]=13&search[gender]=f&search[page]=263
IFC 2013 Girls Elite,U13,Female,MS,7,0,GotSport Rankings,GotSport,https://system.gotsport.com/api/v1/team_ranking_data?search[team_country]=USA&search[age]=13&search[gender]=f&search[page]=245
2022/2023_MISSISSIPPI RUSH 2013 GIRLS JACKSON PREMIER,U13,Female,MS,8,0,GotSport Rankings,GotSport,https://system.gotsport.com/api/v1/team_ranking_data?search[team_country]=USA&search[age]=13&search[gender]=f&search[page]=174
Oxford FC 2012 Girls,U13,Female,MS,8,0,GotSport Rankings,GotSport,https://system.gotsport.com/api/v1/team_ranking_data?search[team_country]=USA&search[age]=13&search[gender]=f&search[page]=199
Greenville Blues 2013 Girls,U13,Female,MS,9,0,GotSport Rankings,GotSport,https://system.gotsport.com/api/v1/team_ranking_data?search[team_country]=USA&search[age]=13&search[gender]=f&search[page]=140
SMSC 2013G,U13,Female,MS,9,0,GotSport Rankings,GotSport,https://system.gotsport.com/api/v1/team_ranking_data?search[team_country]=USA&search[age]=13&search[gender]=f&search[page]=131
2013 Lady Lobos Rush HERNANDO Blue,U13,Female,MS,11,0,GotSport Rankings,GotSport,https://system.gotsport.com/api/v1/team_ranking_data?search[team_country]=USA&search[age]=13&search[gender]=f&search[page]=230
Delta Red Bulls 2013G,U13,Female,MS,11,0,GotSport Rankings,GotSport,https://system.gotsport.com/api/v1/team_ranking_data?search[team_country]=USA&search[age]=13&search[gender]=f&search[page]=142
2013 River Belles,U13,Female,MS,12,0,GotSport Rankings,GotSport,https://system.gotsport.com/api/v1/team_ranking_data?search[team_country]=USA&search[age]=13&search[gender]=f&search[page]=205
IFC 2013 Girls Premier,U13,Female,MS,13,0,GotSport Rankings,GotSport,https://system.gotsport.com/api/v1/team_ranking_data?search[team_country]=USA&search[age]=13&search[gender]=f&search[page]=199
Oxford FC 2013 Girls,U13,Female,MS,13,0,GotSport Rankings,GotSport,https://system.gotsport.com/api/v1/team_ranking_data?search[team_country]=USA&search[age]=13&search[gender]=f&search[page]=235
RSC 2013 GIRLS PREMIER,U13,Female,MS,14,0,GotSport Rankings,GotSport,https://system.gotsport.com/api/v1/team_ranking_data?search[team_country]=USA&search[age]=13&search[gender]=f&search[page]=187
MS Rush 13G Madison Elite,U13,Female,MS,15,0,GotSport Rankings,GotSport,https://system.gotsport.com/api/v1/team_ranking_data?search[team_country]=USA&search[age]=13&search[gender]=f&search[page]=212
PFC 2013 - 2011 Girls,U13,Female,MS,15,0,GotSport Rankings,GotSport,https://system.gotsport.com/api/v1/team_ranking_data?search[team_country]=USA&search[age]=13&search[gender]=f&search[page]=242
TFC - Starkville 2013 Girls,U13,Female,MS,15,0,GotSport Rankings,GotSport,https://system.gotsport.com/api/v1/team_ranking_data?search[team_country]=USA&search[age]=13&search[gender]=f&search[page]=262
Desoto FC 13G,U13,Female,MS,16,0,GotSport Rankings,GotSport,https://system.gotsport.com/api/v1/team_ranking_data?search[team_country]=USA&search[age]=13&search[gender]=f&search[page]=45
Mobile Rush 13G Blue,U13,Female,MS,16,0,GotSport Rankings,GotSport,https://system.gotsport.com/api/v1/team_ranking_data?search[team_country]=USA&search[age]=13&search[gender]=f&search[page]=262
NELSA '13G,U13,Female,MS,16,0,GotSport Rankings,GotSport,https://system.gotsport.com/api/v1/team_ranking_data?search[team_country]=USA&search[age]=13&search[gender]=f&search[page]=174
Oxford FC 2013 Girls Navy,U13,Female,MS,17,0,GotSport Rankings,GotSport,https://system.gotsport.com/api/v1/team_ranking_data?search[team_country]=USA&search[age]=13&search[gender]=f&search[page]=190
2013 Lady Lobos Rush DeSoto Blue,U13,Female,MS,18,0,GotSport Rankings,GotSport,https://system.gotsport.com/api/v1/team_ranking_data?search[team_country]=USA&search[age]=13&search[gender]=f&search[page]=48
Alliance FC 2013 girls,U13,Female,MS,18,0,GotSport Rankings,GotSport,https://system.gotsport.com/api/v1/team_ranking_data?search[team_country]=USA&search[age]=13&search[gender]=f&search[page]=259
Brilla JUNIORS 2013 Girls,U13,Female,MS,18,0,GotSport Rankings,GotSport,https://system.gotsport.com/api/v1/team_ranking_data?search[team_country]=USA&search[age]=13&search[gender]=f&search[page]=208
2013 Cannon River Belles,U13,Female,MS,19,0,GotSport Rankings,GotSport,https://system.gotsport.com/api/v1/team_ranking_data?search[team_country]=USA&search[age]=13&search[gender]=f&search[page]=246
IFC 2013 Boys Elite,U13,Male,MS,1,0,GotSport Rankings,GotSport,https://system.gotsport.com/api/v1/team_ranking_data?search[team_country]=USA&search[age]=13&search[gender]=m&search[page]=417
TFC - Starkville 2013 Boys,U13,Male,MS,2,0,GotSport Rankings,GotSport,https://system.gotsport.com/api/v1/team_ranking_data?search[team_country]=USA&search[age]=13&search[gender]=m&search[page]=266
Academy Pre-MLS 2013,U13,Male,MS,3,0,GotSport Rankings,GotSport,https://system.gotsport.com/api/v1/team_ranking_data?search[team_country]=USA&search[age]=13&search[gender]=m&search[page]=415
Alliance FC 2013 boys,U13,Male,MS,3,0,GotSport Rankings,GotSport,https://system.gotsport.com/api/v1/team_ranking_data?search[team_country]=USA&search[age]=13&search[gender]=m&search[page]=412
Brilla JUNIORS 2013 Boys Blue,U13,Male,MS,3,0,GotSport Rankings,GotSport,https://system.gotsport.com/api/v1/team_ranking_data?search[team_country]=USA&search[age]=13&search[gender]=m&search[page]=421
MS RUSH 2013 BOYS JACKSON PREMIER,U13,Male,MS,3,0,GotSport Rankings,GotSport,https://system.gotsport.com/api/v1/team_ranking_data?search[team_country]=USA&search[age]=13&search[gender]=m&search[page]=323
RSC 2013 BOYS ELITE,U13,Male,MS,3,0,GotSport Rankings,GotSport,https://system.gotsport.com/api/v1/team_ranking_data?search[team_country]=USA&search[age]=13&search[gender]=m&search[page]=414
Honeybadgers,U13,Male,MS,5,0,GotSport Rankings,GotSport,https://system.gotsport.com/api/v1/team_ranking_data?search[team_country]=USA&search[age]=13&search[gender]=m&search[page]=414
MFC Rush 13B Cadets Blue,U13,Male,MS,5,0,GotSport Rankings,GotSport,https://system.gotsport.com/api/v1/team_ranking_data?search[team_country]=USA&search[age]=13&search[gender]=m&search[page]=297
MS Rush 13B Madison Premier,U13,Male,MS,5,0,GotSport Rankings,GotSport,https://system.gotsport.com/api/v1/team_ranking_data?search[team_country]=USA&search[age]=13&search[gender]=m&search[page]=320
2013 Lobos Rush HERNANDO Blue,U13,Male,MS,6,0,GotSport Rankings,GotSport,https://system.gotsport.com/api/v1/team_ranking_data?search[team_country]=USA&search[age]=13&search[gender]=m&search[page]=271
IFC 2013 Boys Premier,U13,Male,MS,6,0,GotSport Rankings,GotSport,https://system.gotsport.com/api/v1/team_ranking_data?search[team_country]=USA&search[age]=13&search[gender]=m&search[page]=381
SJSC Premier Crush 2013 Boys,U13,Male,MS,6,0,GotSport Rankings,GotSport,https://system.gotsport.com/api/v1/team_ranking_data?search[team_country]=USA&search[age]=13&search[gender]=m&search[page]=416
MS RUSH 2013 BOYS MADISON ELITE WHITE,U13,Male,MS,7,0,GotSport Rankings,GotSport,https://system.gotsport.com/api/v1/team_ranking_data?search[team_country]=USA&search[age]=13&search[gender]=m&search[page]=336
Delta Red Bulls 2013B,U13,Male,MS,9,0,GotSport Rankings,GotSport,https://system.gotsport.com/api/v1/team_ranking_data?search[team_country]=USA&search[age]=13&search[gender]=m&search[page]=413
GCUFC 13B Blue,U13,Male,MS,9,0,GotSport Rankings,GotSport,https://system.gotsport.com/api/v1/team_ranking_data?search[team_country]=USA&search[age]=13&search[gender]=m&search[page]=316
MS RUSH 2013 BOYS MADISON ELITE,U13,Male,MS,9,0,GotSport Rankings,GotSport,https://system.gotsport.com/api/v1/team_ranking_data?search[team_country]=USA&search[age]=13&search[gender]=m&search[page]=421
MS Rush 2013B Madison Premier,U13,Male,MS,10,0,GotSport Rankings,GotSport,https://system.gotsport.com/api/v1/team_ranking_data?search[team_country]=USA&search[age]=13&search[gender]=m&search[page]=420
PRSC U12 2013 Boys- Pearl River Raptors,U13,Male,MS,11,0,GotSport Rankings,GotSport,https://system.gotsport.com/api/v1/team_ranking_data?search[team_country]=USA&search[age]=13&search[gender]=m&search[page]=426
SMSC 2013B,U13,Male,MS,11,0,GotSport Rankings,GotSport,https://system.gotsport.com/api/v1/team_ranking_data?search[team_country]=USA&search[age]=13&search[gender]=m&search[page]=242
TFC - Saltillo U12 Boys,U13,Male,MS,11,0,GotSport Rankings,GotSport,https://system.gotsport.com/api/v1/team_ranking_data?search[team_country]=USA&search[age]=13&search[gender]=m&search[page]=414
Tupelo Futbol Club 2013 Boys Pre-ECRL I,U13,Male,MS,11,0,GotSport Rankings,GotSport,https://system.gotsport.com/api/v1/team_ranking_data?search[team_country]=USA&search[age]=13&search[gender]=m&search[page]=127
Desoto FC 13B,U13,Male,MS,12,0,GotSport Rankings,GotSport,https://system.gotsport.com/api/v1/team_ranking_data?search[team_country]=USA&search[age]=13&search[gender]=m&search[page]=227
HFC Thunder 13B,U13,Male,MS,12,0,GotSport Rankings,GotSport,https://system.gotsport.com/api/v1/team_ranking_data?search[team_country]=USA&search[age]=13&search[gender]=m&search[page]=287
MISSISSIPPI RUSH 2013 BOYS PREMIER,U13,Male,MS,12,0,GotSport Rankings,GotSport,https://system.gotsport.com/api/v1/team_ranking_data?search[team_country]=USA&search[age]=13&search[gender]=m&search[page]=220
MS RUSH 2013 BOYS JACKSON ELITE,U13,Male,MS,12,0,GotSport Rankings,GotSport,https://system.gotsport.com/api/v1/team_ranking_data?search[team_country]=USA&search[age]=13&search[gender]=m&search[page]=426
2013 Lobos Rush Desoto Blue,U13,Male,MS,13,0,GotSport Rankings,GotSport,https://system.gotsport.com/api/v1/team_ranking_data?search[team_country]=USA&search[age]=13&search[gender]=m&search[page]=167
Academy Pre-MLS 2013,U13,Male,MS,13,0,GotSport Rankings,GotSport,https://system.gotsport.com/api/v1/team_ranking_data?search[team_country]=USA&search[age]=13&search[gender]=m&search[page]=420
EC United U12 Boys,U13,Male,MS,13,0,GotSport Rankings,GotSport,https://system.gotsport.com/api/v1/team_ranking_data?search[team_country]=USA&search[age]=13&search[gender]=m&search[page]=338
Greenville Blues 2013 Boys,U13,Male,MS,13,0,GotSport Rankings,GotSport,https://system.gotsport.com/api/v1/team_ranking_data?search[team_country]=USA&search[age]=13&search[gender]=m&search[page]=332
HFC Thunder '13 White,U13,Male,MS,13,0,GotSport Rankings,GotSport,https://system.gotsport.com/api/v1/team_ranking_data?search[team_country]=USA&search[age]=13&search[gender]=m&search[page]=426
Brilla JUNIORS 2013 Boys,U13,Male,MS,14,0,GotSport Rankings,GotSport,https://system.gotsport.com/api/v1/team_ranking_data?search[team_country]=USA&search[age]=13&search[gender]=m&search[page]=399
MS RUSH 2013 BOYS MADISON ELITE BLUE,U13,Male,MS,14,0,GotSport Rankings,GotSport,https://system.gotsport.com/api/v1/team_ranking_data?search[team_country]=USA&search[age]=13&search[gender]=m&search[page]=301
Ole Brook FC Boys 2013/2014 Navy,U13,Male,MS,14,0,GotSport Rankings,GotSport,https://system.gotsport.com/api/v1/team_ranking_data?search[team_country]=USA&search[age]=13&search[gender]=m&search[page]=431
TFC-Booneville U13 Boys,U13,Male,MS,15,0,GotSport Rankings,GotSport,https://system.gotsport.com/api/v1/team_ranking_data?search[team_country]=USA&search[age]=13&search[gender]=m&search[page]=400
MISSISSIPPI RUSH 2013 BOYS ELITE,U13,Male,MS,16,0,GotSport Rankings,GotSport,https://system.gotsport.com/api/v1/team_ranking_data?search[team_country]=USA&search[age]=13&search[gender]=m&search[page]=399
Alliance FC 2013 boys,U13,Male,MS,17,0,GotSport Rankings,GotSport,https://system.gotsport.com/api/v1/team_ranking_data?search[team_country]=USA&search[age]=13&search[gender]=m&search[page]=423
Tupelo Futbol Club 2013 Boys Blue,U13,Male,MS,17,0,GotSport Rankings,GotSport,https://system.gotsport.com/api/v1/team_ranking_data?search[team_country]=USA&search[age]=13&search[gender]=m&search[page]=383
RSC 2013 BOYS PREMIER,U13,Male,MS,18,0,GotSport Rankings,GotSport,https://system.gotsport.com/api/v1/team_ranking_data?search[team_country]=USA&search[age]=13&search[gender]=m&search[page]=262
2013 Lobos Rush DESOTO White,U13,Male,MS,19,0,GotSport Rankings,GotSport,https://system.gotsport.com/api/v1/team_ranking_data?search[team_country]=USA&search[age]=13&search[gender]=m&search[page]=235
MS Rush United B13 ECNL RL,U13,Male,MS,19,0,GotSport Rankings,GotSport,https://system.gotsport.com/api/v1/team_ranking_data?search[team_country]=USA&search[age]=13&search[gender]=m&search[page]=401
Oxford FC 2013 Boys,U13,Male,MS,19,0,GotSport Rankings,GotSport,https://system.gotsport.com/api/v1/team_ranking_data?search[team_country]=USA&search[age]=13&search[gender]=m&search[page]=210
HFC Thunder '13 Navy,U13,Male,MS,20,0,GotSport Rankings,GotSport,https://system.gotsport.com/api/v1/team_ranking_data?search[team_country]=USA&search[age]=13&search[gender]=m&search[page]=418
2024_2025 MISSISSIPPI RUSH 2012 GIRLS SELECT,U14,Female,MS,2,0,GotSport Rankings,GotSport,https://system.gotsport.com/api/v1/team_ranking_data?search[team_country]=USA&search[age]=14&search[gender]=f&search[page]=224
IFC 11G Premier,U14,Female,MS,2,0,GotSport Rankings,GotSport,https://system.gotsport.com/api/v1/team_ranking_data?search[team_country]=USA&search[age]=14&search[gender]=f&search[page]=208
RSC 2011 - 2012 Girls Central,U14,Female,MS,3,0,GotSport Rankings,GotSport,https://system.gotsport.com/api/v1/team_ranking_data?search[team_country]=USA&search[age]=14&search[gender]=f&search[page]=208
2024_2025 MISSISSIPPI RUSH 2012 GIRLS ELITE,U14,Female,MS,4,0,GotSport Rankings,GotSport,https://system.gotsport.com/api/v1/team_ranking_data?search[team_country]=USA&search[age]=14&search[gender]=f&search[page]=175
MS Rush 12G Elite,U14,Female,MS,5,0,GotSport Rankings,GotSport,https://system.gotsport.com/api/v1/team_ranking_data?search[team_country]=USA&search[age]=14&search[gender]=f&search[page]=126
IFC 2012 Girls Elite,U14,Female,MS,8,0,GotSport Rankings,GotSport,https://system.gotsport.com/api/v1/team_ranking_data?search[team_country]=USA&search[age]=14&search[gender]=f&search[page]=198
MS Rush United ECNL-RL G12,U14,Female,MS,8,0,GotSport Rankings,GotSport,https://system.gotsport.com/api/v1/team_ranking_data?search[team_country]=USA&search[age]=14&search[gender]=f&search[page]=99
Brilla JUNIORS 2012/13 Girls,U14,Female,MS,9,0,GotSport Rankings,GotSport,https://system.gotsport.com/api/v1/team_ranking_data?search[team_country]=USA&search[age]=14&search[gender]=f&search[page]=217
MISSISSIPPI RUSH 2012 GIRLS ELITE,U14,Female,MS,9,0,GotSport Rankings,GotSport,https://system.gotsport.com/api/v1/team_ranking_data?search[team_country]=USA&search[age]=14&search[gender]=f&search[page]=184
SMSC 2012G,U14,Female,MS,9,0,GotSport Rankings,GotSport,https://system.gotsport.com/api/v1/team_ranking_data?search[team_country]=USA&search[age]=14&search[gender]=f&search[page]=118
Tupelo FC 2012 Girls White,U14,Female,MS,9,0,GotSport Rankings,GotSport,https://system.gotsport.com/api/v1/team_ranking_data?search[team_country]=USA&search[age]=14&search[gender]=f&search[page]=223
Ole Brook FC Girls,U14,Female,MS,10,0,GotSport Rankings,GotSport,https://system.gotsport.com/api/v1/team_ranking_data?search[team_country]=USA&search[age]=14&search[gender]=f&search[page]=224
RSC 2012 GIRLS PREMIER,U14,Female,MS,10,0,GotSport Rankings,GotSport,https://system.gotsport.com/api/v1/team_ranking_data?search[team_country]=USA&search[age]=14&search[gender]=f&search[page]=217
Tupelo Futbol Club 2012 Girls ECNL-RL,U14,Female,MS,12,0,GotSport Rankings,GotSport,https://system.gotsport.com/api/v1/team_ranking_data?search[team_country]=USA&search[age]=14&search[gender]=f&search[page]=65
MS Rush 2012G Premier,U14,Female,MS,13,0,GotSport Rankings,GotSport,https://system.gotsport.com/api/v1/team_ranking_data?search[team_country]=USA&search[age]=14&search[gender]=f&search[page]=93
MS Rush 12G Select,U14,Female,MS,15,0,GotSport Rankings,GotSport,https://system.gotsport.com/api/v1/team_ranking_data?search[team_country]=USA&search[age]=14&search[gender]=f&search[page]=219
Alliance FC 2012-2013 Girls,U14,Female,MS,16,0,GotSport Rankings,GotSport,https://system.gotsport.com/api/v1/team_ranking_data?search[team_country]=USA&search[age]=14&search[gender]=f&search[page]=206
HFC Storm '12,U14,Female,MS,17,0,GotSport Rankings,GotSport,https://system.gotsport.com/api/v1/team_ranking_data?search[team_country]=USA&search[age]=14&search[gender]=f&search[page]=74
IFC 2012 Girls Premier,U14,Female,MS,17,0,GotSport Rankings,GotSport,https://system.gotsport.com/api/v1/team_ranking_data?search[team_country]=USA&search[age]=14&search[gender]=f&search[page]=82
Tupelo Futbol Club 2012 Girls Blue,U14,Female,MS,17,0,GotSport Rankings,GotSport,https://system.gotsport.com/api/v1/team_ranking_data?search[team_country]=USA&search[age]=14&search[gender]=f&search[page]=199
2023/2024 MISSISSIPPI RUSH 2012 GIRLS MADISON PREMIER,U14,Female,MS,18,0,GotSport Rankings,GotSport,https://system.gotsport.com/api/v1/team_ranking_data?search[team_country]=USA&search[age]=14&search[gender]=f&search[page]=218
GCUFC 12G Blue,U14,Female,MS,18,0,GotSport Rankings,GotSport,https://system.gotsport.com/api/v1/team_ranking_data?search[team_country]=USA&search[age]=14&search[gender]=f&search[page]=220
Brilla JUNIORS 2012 Girls,U14,Female,MS,20,0,GotSport Rankings,GotSport,https://system.gotsport.com/api/v1/team_ranking_data?search[team_country]=USA&search[age]=14&search[gender]=f&search[page]=211
GCUFC 12G Blue,U14,Female,MS,20,0,GotSport Rankings,GotSport,https://system.gotsport.com/api/v1/team_ranking_data?search[team_country]=USA&search[age]=14&search[gender]=f&search[page]=224
Oxford FC 2012-11 Girls,U14,Female,MS,20,0,GotSport Rankings,GotSport,https://system.gotsport.com/api/v1/team_ranking_data?search[team_country]=USA&search[age]=14&search[gender]=f&search[page]=113
12 Lobos Rush Desoto White,U14,Male,MS,1,0,GotSport Rankings,GotSport,https://system.gotsport.com/api/v1/team_ranking_data?search[team_country]=USA&search[age]=14&search[gender]=m&search[page]=359
Brilla JUNIORS 2013 Boys Blue,U14,Male,MS,1,0,GotSport Rankings,GotSport,https://system.gotsport.com/api/v1/team_ranking_data?search[team_country]=USA&search[age]=14&search[gender]=m&search[page]=346
2012/13 Delta United Boys,U14,Male,MS,2,0,GotSport Rankings,GotSport,https://system.gotsport.com/api/v1/team_ranking_data?search[team_country]=USA&search[age]=14&search[gender]=m&search[page]=330
MS RUSH 2012/13 BOYS SELECT,U14,Male,MS,2,0,GotSport Rankings,GotSport,https://system.gotsport.com/api/v1/team_ranking_data?search[team_country]=USA&search[age]=14&search[gender]=m&search[page]=155
MS Rush 12B Elite,U14,Male,MS,2,0,GotSport Rankings,GotSport,https://system.gotsport.com/api/v1/team_ranking_data?search[team_country]=USA&search[age]=14&search[gender]=m&search[page]=366
HFC Thunder '12 White,U14,Male,MS,3,0,GotSport Rankings,GotSport,https://system.gotsport.com/api/v1/team_ranking_data?search[team_country]=USA&search[age]=14&search[gender]=m&search[page]=346
MS Rush United 12B ECNL-RL,U14,Male,MS,4,0,GotSport Rankings,GotSport,https://system.gotsport.com/api/v1/team_ranking_data?search[team_country]=USA&search[age]=14&search[gender]=m&search[page]=352
Tupelo Futbol Club 2012 Boys White,U14,Male,MS,5,0,GotSport Rankings,GotSport,https://system.gotsport.com/api/v1/team_ranking_data?search[team_country]=USA&search[age]=14&search[gender]=m&search[page]=269
MS Rush 2012B Premier,U14,Male,MS,6,0,GotSport Rankings,GotSport,https://system.gotsport.com/api/v1/team_ranking_data?search[team_country]=USA&search[age]=14&search[gender]=m&search[page]=360
Brilla JUNIORS 2012 Boys Blue,U14,Male,MS,7,0,GotSport Rankings,GotSport,https://system.gotsport.com/api/v1/team_ranking_data?search[team_country]=USA&search[age]=14&search[gender]=m&search[page]=208
Golden Triangle Elite U13 Boys Green,U14,Male,MS,7,0,GotSport Rankings,GotSport,https://system.gotsport.com/api/v1/team_ranking_data?search[team_country]=USA&search[age]=14&search[gender]=m&search[page]=234
IFC 2012 Boys Premier,U14,Male,MS,7,0,GotSport Rankings,GotSport,https://system.gotsport.com/api/v1/team_ranking_data?search[team_country]=USA&search[age]=14&search[gender]=m&search[page]=142
MS RUSH 2012 BOYS ELITE WHITE,U14,Male,MS,7,0,GotSport Rankings,GotSport,https://system.gotsport.com/api/v1/team_ranking_data?search[team_country]=USA&search[age]=14&search[gender]=m&search[page]=329
MS Rush United ECNL RL B12,U14,Male,MS,7,0,GotSport Rankings,GotSport,https://system.gotsport.com/api/v1/team_ranking_data?search[team_country]=USA&search[age]=14&search[gender]=m&search[page]=346
MISSISSIPPI RUSH 2012 BOYS MADISON PREMIER U11 DIV,U14,Male,MS,8,0,GotSport Rankings,GotSport,https://system.gotsport.com/api/v1/team_ranking_data?search[team_country]=USA&search[age]=14&search[gender]=m&search[page]=265
SMSC 2012B Elite,U14,Male,MS,8,0,GotSport Rankings,GotSport,https://system.gotsport.com/api/v1/team_ranking_data?search[team_country]=USA&search[age]=14&search[gender]=m&search[page]=158
GCUFC 12B Blue,U14,Male,MS,9,0,GotSport Rankings,GotSport,https://system.gotsport.com/api/v1/team_ranking_data?search[team_country]=USA&search[age]=14&search[gender]=m&search[page]=213
GTE U14 Boys Green,U14,Male,MS,9,0,GotSport Rankings,GotSport,https://system.gotsport.com/api/v1/team_ranking_data?search[team_country]=USA&search[age]=14&search[gender]=m&search[page]=342
2012 Lobos Rush DESOTO Blue,U14,Male,MS,10,0,GotSport Rankings,GotSport,https://system.gotsport.com/api/v1/team_ranking_data?search[team_country]=USA&search[age]=14&search[gender]=m&search[page]=170
GCUFC 12B Black,U14,Male,MS,10,0,GotSport Rankings,GotSport,https://system.gotsport.com/api/v1/team_ranking_data?search[team_country]=USA&search[age]=14&search[gender]=m&search[page]=335
IFC 2012 Boys Academy,U14,Male,MS,13,0,GotSport Rankings,GotSport,https://system.gotsport.com/api/v1/team_ranking_data?search[team_country]=USA&search[age]=14&search[gender]=m&search[page]=283
TFC-Booneville U13 Boys,U14,Male,MS,15,0,GotSport Rankings,GotSport,https://system.gotsport.com/api/v1/team_ranking_data?search[team_country]=USA&search[age]=14&search[gender]=m&search[page]=352
Oxford FC 2012 Boys,U14,Male,MS,16,0,GotSport Rankings,GotSport,https://system.gotsport.com/api/v1/team_ranking_data?search[team_country]=USA&search[age]=14&search[gender]=m&search[page]=190
HFC Thunder '12 Navy,U14,Male,MS,17,0,GotSport Rankings,GotSport,https://system.gotsport.com/api/v1/team_ranking_data?search[team_country]=USA&search[age]=14&search[gender]=m&search[page]=203
MS Rush 12 B Elite Blue,U14,Male,MS,17,0,GotSport Rankings,GotSport,https://system.gotsport.com/api/v1/team_ranking_data?search[team_country]=USA&search[age]=14&search[gender]=m&search[page]=201
MS Rush United ECNL B12,U14,Male,MS,17,0,GotSport Rankings,GotSport,https://system.gotsport.com/api/v1/team_ranking_data?search[team_country]=USA&search[age]=14&search[gender]=m&search[page]=86
Tupelo Futbol Club 2012 Boys Blue,U14,Male,MS,17,0,GotSport Rankings,GotSport,https://system.gotsport.com/api/v1/team_ranking_data?search[team_country]=USA&search[age]=14&search[gender]=m&search[page]=157
Delta Red Bulls 2012B,U14,Male,MS,18,0,GotSport Rankings,GotSport,https://system.gotsport.com/api/v1/team_ranking_data?search[team_country]=USA&search[age]=14&search[gender]=m&search[page]=231
HFC Thunder 12B,U14,Male,MS,18,0,GotSport Rankings,GotSport,https://system.gotsport.com/api/v1/team_ranking_data?search[team_country]=USA&search[age]=14&search[gender]=m&search[page]=216
Tupelo Futbol Club 2012 Boys ECNL-RL,U14,Male,MS,18,0,GotSport Rankings,GotSport,https://system.gotsport.com/api/v1/team_ranking_data?search[team_country]=USA&search[age]=14&search[gender]=m&search[page]=223
DC Panthers 2012,U14,Male,MS,19,0,GotSport Rankings,GotSport,https://system.gotsport.com/api/v1/team_ranking_data?search[team_country]=USA&search[age]=14&search[gender]=m&search[page]=335
GCUFC 12B White,U14,Male,MS,19,0,GotSport Rankings,GotSport,https://system.gotsport.com/api/v1/team_ranking_data?search[team_country]=USA&search[age]=14&search[gender]=m&search[page]=345
Golden Triangle Elite U13 Boys Gold,U14,Male,MS,19,0,GotSport Rankings,GotSport,https://system.gotsport.com/api/v1/team_ranking_data?search[team_country]=USA&search[age]=14&search[gender]=m&search[page]=352
Brilla JUNIORS 2012 Boys White,U14,Male,MS,20,0,GotSport Rankings,GotSport,https://system.gotsport.com/api/v1/team_ranking_data?search[team_country]=USA&search[age]=14&search[gender]=m&search[page]=345
IFC 2012 Boys Elite,U14,Male,MS,20,0,GotSport Rankings,GotSport,https://system.gotsport.com/api/v1/team_ranking_data?search[team_country]=USA&search[age]=14&search[gender]=m&search[page]=283
MS RUSH 2012/13 BOYS SELECT,U14,Male,MS,20,0,GotSport Rankings,GotSport,https://system.gotsport.com/api/v1/team_ranking_data?search[team_country]=USA&search[age]=14&search[gender]=m&search[page]=154
MS Rush 11B ECNL-RL2,U14,Male,MS,20,0,GotSport Rankings,GotSport,https://system.gotsport.com/api/v1/team_ranking_data?search[team_country]=USA&search[age]=14&search[gender]=m&search[page]=251
Brilla JUNIORS 2011 Girls,U15,Female,MS,1,0,GotSport Rankings,GotSport,https://system.gotsport.com/api/v1/team_ranking_data?search[team_country]=USA&search[age]=15&search[gender]=f&search[page]=99
MISSISSIPPI RUSH 2011 GIRLS ELITE,U15,Female,MS,1,0,GotSport Rankings,GotSport,https://system.gotsport.com/api/v1/team_ranking_data?search[team_country]=USA&search[age]=15&search[gender]=f&search[page]=207
2011 Lady Lobos Rush DESOTO,U15,Female,MS,2,0,GotSport Rankings,GotSport,https://system.gotsport.com/api/v1/team_ranking_data?search[team_country]=USA&search[age]=15&search[gender]=f&search[page]=33
HFC Storm '11,U15,Female,MS,2,0,GotSport Rankings,GotSport,https://system.gotsport.com/api/v1/team_ranking_data?search[team_country]=USA&search[age]=15&search[gender]=f&search[page]=48
MS RUSH 11G ELITE,U15,Female,MS,3,0,GotSport Rankings,GotSport,https://system.gotsport.com/api/v1/team_ranking_data?search[team_country]=USA&search[age]=15&search[gender]=f&search[page]=166
Ole Brook FC Girls 2011-2012,U15,Female,MS,3,0,GotSport Rankings,GotSport,https://system.gotsport.com/api/v1/team_ranking_data?search[team_country]=USA&search[age]=15&search[gender]=f&search[page]=207
Oxford FC 2012-2011 Girls,U15,Female,MS,3,0,GotSport Rankings,GotSport,https://system.gotsport.com/api/v1/team_ranking_data?search[team_country]=USA&search[age]=15&search[gender]=f&search[page]=176
Tupelo Futbol Club 2011 Girls ECNL-RL,U15,Female,MS,3,0,GotSport Rankings,GotSport,https://system.gotsport.com/api/v1/team_ranking_data?search[team_country]=USA&search[age]=15&search[gender]=f&search[page]=184
Columbus United 2011/12G,U15,Female,MS,4,0,GotSport Rankings,GotSport,https://system.gotsport.com/api/v1/team_ranking_data?search[team_country]=USA&search[age]=15&search[gender]=f&search[page]=208
MS Rush United 11G East,U15,Female,MS,5,0,GotSport Rankings,GotSport,https://system.gotsport.com/api/v1/team_ranking_data?search[team_country]=USA&search[age]=15&search[gender]=f&search[page]=159
SMSC 2010 Elite Girls BLUE,U15,Female,MS,5,0,GotSport Rankings,GotSport,https://system.gotsport.com/api/v1/team_ranking_data?search[team_country]=USA&search[age]=15&search[gender]=f&search[page]=136
Mississippi Rush United ECNL RL G11,U15,Female,MS,6,0,GotSport Rankings,GotSport,https://system.gotsport.com/api/v1/team_ranking_data?search[team_country]=USA&search[age]=15&search[gender]=f&search[page]=86
GCUFC 11G Blue,U15,Female,MS,7,0,GotSport Rankings,GotSport,https://system.gotsport.com/api/v1/team_ranking_data?search[team_country]=USA&search[age]=15&search[gender]=f&search[page]=176
IFC 2011 Girls Premier,U15,Female,MS,7,0,GotSport Rankings,GotSport,https://system.gotsport.com/api/v1/team_ranking_data?search[team_country]=USA&search[age]=15&search[gender]=f&search[page]=171
Lady Vipers,U15,Female,MS,7,0,GotSport Rankings,GotSport,https://system.gotsport.com/api/v1/team_ranking_data?search[team_country]=USA&search[age]=15&search[gender]=f&search[page]=197
IFC 10 Girls Elite,U15,Female,MS,8,0,GotSport Rankings,GotSport,https://system.gotsport.com/api/v1/team_ranking_data?search[team_country]=USA&search[age]=15&search[gender]=f&search[page]=208
MS Rush United 11G Premier GSPL,U15,Female,MS,9,0,GotSport Rankings,GotSport,https://system.gotsport.com/api/v1/team_ranking_data?search[team_country]=USA&search[age]=15&search[gender]=f&search[page]=68
Alliance FC 2011-2012 Girls,U15,Female,MS,10,0,GotSport Rankings,GotSport,https://system.gotsport.com/api/v1/team_ranking_data?search[team_country]=USA&search[age]=15&search[gender]=f&search[page]=146
MS Rush United ECNL RL G11,U15,Female,MS,12,0,GotSport Rankings,GotSport,https://system.gotsport.com/api/v1/team_ranking_data?search[team_country]=USA&search[age]=15&search[gender]=f&search[page]=102
RSC 2011/2012 GIRLS PREMIER,U15,Female,MS,12,0,GotSport Rankings,GotSport,https://system.gotsport.com/api/v1/team_ranking_data?search[team_country]=USA&search[age]=15&search[gender]=f&search[page]=146
2011 Elite Girls Blue-Hedin,U15,Female,MS,14,0,GotSport Rankings,GotSport,https://system.gotsport.com/api/v1/team_ranking_data?search[team_country]=USA&search[age]=15&search[gender]=f&search[page]=208
2011/12/13/14 Delta United Girls,U15,Female,MS,14,0,GotSport Rankings,GotSport,https://system.gotsport.com/api/v1/team_ranking_data?search[team_country]=USA&search[age]=15&search[gender]=f&search[page]=200
MS Rush United 11G Premier,U15,Female,MS,14,0,GotSport Rankings,GotSport,https://system.gotsport.com/api/v1/team_ranking_data?search[team_country]=USA&search[age]=15&search[gender]=f&search[page]=162
MS Rush United 11G Central,U15,Female,MS,15,0,GotSport Rankings,GotSport,https://system.gotsport.com/api/v1/team_ranking_data?search[team_country]=USA&search[age]=15&search[gender]=f&search[page]=200
SMSC 2011G,U15,Female,MS,15,0,GotSport Rankings,GotSport,https://system.gotsport.com/api/v1/team_ranking_data?search[team_country]=USA&search[age]=15&search[gender]=f&search[page]=174
Desoto FC 11/12G,U15,Female,MS,17,0,GotSport Rankings,GotSport,https://system.gotsport.com/api/v1/team_ranking_data?search[team_country]=USA&search[age]=15&search[gender]=f&search[page]=187
STARKVILLE UNITED,U15,Female,MS,17,0,GotSport Rankings,GotSport,https://system.gotsport.com/api/v1/team_ranking_data?search[team_country]=USA&search[age]=15&search[gender]=f&search[page]=200
COLUMBUS UNITED U14G,U15,Female,MS,18,0,GotSport Rankings,GotSport,https://system.gotsport.com/api/v1/team_ranking_data?search[team_country]=USA&search[age]=15&search[gender]=f&search[page]=194
Brilla JUNIORS 2011 Girls,U15,Female,MS,20,0,GotSport Rankings,GotSport,https://system.gotsport.com/api/v1/team_ranking_data?search[team_country]=USA&search[age]=15&search[gender]=f&search[page]=98
MS Rush 11G Premier,U15,Female,MS,20,0,GotSport Rankings,GotSport,https://system.gotsport.com/api/v1/team_ranking_data?search[team_country]=USA&search[age]=15&search[gender]=f&search[page]=206
GCUFC 11B White,U15,Male,MS,2,0,GotSport Rankings,GotSport,https://system.gotsport.com/api/v1/team_ranking_data?search[team_country]=USA&search[age]=15&search[gender]=m&search[page]=305
IFC 2011 Boys Academy,U15,Male,MS,2,0,GotSport Rankings,GotSport,https://system.gotsport.com/api/v1/team_ranking_data?search[team_country]=USA&search[age]=15&search[gender]=m&search[page]=295
Oxford FC 2011 Boys,U15,Male,MS,2,0,GotSport Rankings,GotSport,https://system.gotsport.com/api/v1/team_ranking_data?search[team_country]=USA&search[age]=15&search[gender]=m&search[page]=92
GCUFC 11B Blue,U15,Male,MS,3,0,GotSport Rankings,GotSport,https://system.gotsport.com/api/v1/team_ranking_data?search[team_country]=USA&search[age]=15&search[gender]=m&search[page]=271
IFC 2011 Boys Premier,U15,Male,MS,3,0,GotSport Rankings,GotSport,https://system.gotsport.com/api/v1/team_ranking_data?search[team_country]=USA&search[age]=15&search[gender]=m&search[page]=34
2011 Elite Boys Blue-Whatley,U15,Male,MS,4,0,GotSport Rankings,GotSport,https://system.gotsport.com/api/v1/team_ranking_data?search[team_country]=USA&search[age]=15&search[gender]=m&search[page]=258
Desoto FC 11 Boys,U15,Male,MS,4,0,GotSport Rankings,GotSport,https://system.gotsport.com/api/v1/team_ranking_data?search[team_country]=USA&search[age]=15&search[gender]=m&search[page]=251
RSC 2011/2012 BOYS CENTRAL,U15,Male,MS,4,0,GotSport Rankings,GotSport,https://system.gotsport.com/api/v1/team_ranking_data?search[team_country]=USA&search[age]=15&search[gender]=m&search[page]=255
RSC 2011/2012 BOYS PREMIER,U15,Male,MS,4,0,GotSport Rankings,GotSport,https://system.gotsport.com/api/v1/team_ranking_data?search[team_country]=USA&search[age]=15&search[gender]=m&search[page]=312
SMSC 2011B,U15,Male,MS,4,0,GotSport Rankings,GotSport,https://system.gotsport.com/api/v1/team_ranking_data?search[team_country]=USA&search[age]=15&search[gender]=m&search[page]=274
EC United U14,U15,Male,MS,5,0,GotSport Rankings,GotSport,https://system.gotsport.com/api/v1/team_ranking_data?search[team_country]=USA&search[age]=15&search[gender]=m&search[page]=324
MS Rush United Premier (ECRL),U15,Male,MS,5,0,GotSport Rankings,GotSport,https://system.gotsport.com/api/v1/team_ranking_data?search[team_country]=USA&search[age]=15&search[gender]=m&search[page]=184
HFC Thunder '11 White,U15,Male,MS,6,0,GotSport Rankings,GotSport,https://system.gotsport.com/api/v1/team_ranking_data?search[team_country]=USA&search[age]=15&search[gender]=m&search[page]=324
MS RUSH 2011 BOYS SELECT,U15,Male,MS,6,0,GotSport Rankings,GotSport,https://system.gotsport.com/api/v1/team_ranking_data?search[team_country]=USA&search[age]=15&search[gender]=m&search[page]=300
GTE 2011B Boys,U15,Male,MS,7,0,GotSport Rankings,GotSport,https://system.gotsport.com/api/v1/team_ranking_data?search[team_country]=USA&search[age]=15&search[gender]=m&search[page]=315
IFC 2011 Boys Elite,U15,Male,MS,7,0,GotSport Rankings,GotSport,https://system.gotsport.com/api/v1/team_ranking_data?search[team_country]=USA&search[age]=15&search[gender]=m&search[page]=314
MS RUSH 2011 BOYS ELITE,U15,Male,MS,7,0,GotSport Rankings,GotSport,https://system.gotsport.com/api/v1/team_ranking_data?search[team_country]=USA&search[age]=15&search[gender]=m&search[page]=185
Academy STARS 2011,U15,Male,MS,8,0,GotSport Rankings,GotSport,https://system.gotsport.com/api/v1/team_ranking_data?search[team_country]=USA&search[age]=15&search[gender]=m&search[page]=303
Brilla JUNIORS 2011 Boys,U15,Male,MS,9,0,GotSport Rankings,GotSport,https://system.gotsport.com/api/v1/team_ranking_data?search[team_country]=USA&search[age]=15&search[gender]=m&search[page]=251
Desoto FC 11/12B,U15,Male,MS,9,0,GotSport Rankings,GotSport,https://system.gotsport.com/api/v1/team_ranking_data?search[team_country]=USA&search[age]=15&search[gender]=m&search[page]=267
MS Rush United 11B ECRL Pool,U15,Male,MS,9,0,GotSport Rankings,GotSport,https://system.gotsport.com/api/v1/team_ranking_data?search[team_country]=USA&search[age]=15&search[gender]=m&search[page]=252
Ole Brook Boys 11/12,U15,Male,MS,10,0,GotSport Rankings,GotSport,https://system.gotsport.com/api/v1/team_ranking_data?search[team_country]=USA&search[age]=15&search[gender]=m&search[page]=308
Invictus FC Silver,U15,Male,MS,11,0,GotSport Rankings,GotSport,https://system.gotsport.com/api/v1/team_ranking_data?search[team_country]=USA&search[age]=15&search[gender]=m&search[page]=308
GTE U15 Boys 2009,U15,Male,MS,12,0,GotSport Rankings,GotSport,https://system.gotsport.com/api/v1/team_ranking_data?search[team_country]=USA&search[age]=15&search[gender]=m&search[page]=331
MS Rush United B11 ECNL RL Black,U15,Male,MS,12,0,GotSport Rankings,GotSport,https://system.gotsport.com/api/v1/team_ranking_data?search[team_country]=USA&search[age]=15&search[gender]=m&search[page]=224
MS Rush United 11/12B East,U15,Male,MS,13,0,GotSport Rankings,GotSport,https://system.gotsport.com/api/v1/team_ranking_data?search[team_country]=USA&search[age]=15&search[gender]=m&search[page]=331
MS Rush United ECNL B11,U15,Male,MS,13,0,GotSport Rankings,GotSport,https://system.gotsport.com/api/v1/team_ranking_data?search[team_country]=USA&search[age]=15&search[gender]=m&search[page]=166
2011 Lobos Rush DESOTO Blue,U15,Male,MS,14,0,GotSport Rankings,GotSport,https://system.gotsport.com/api/v1/team_ranking_data?search[team_country]=USA&search[age]=15&search[gender]=m&search[page]=162
2011/2012 Delta United Boys,U15,Male,MS,14,0,GotSport Rankings,GotSport,https://system.gotsport.com/api/v1/team_ranking_data?search[team_country]=USA&search[age]=15&search[gender]=m&search[page]=331
MS Rush United B11 ECNL RL Blue,U15,Male,MS,16,0,GotSport Rankings,GotSport,https://system.gotsport.com/api/v1/team_ranking_data?search[team_country]=USA&search[age]=15&search[gender]=m&search[page]=300
MS Rush United 11B West,U15,Male,MS,17,0,GotSport Rankings,GotSport,https://system.gotsport.com/api/v1/team_ranking_data?search[team_country]=USA&search[age]=15&search[gender]=m&search[page]=300
HFC Thunder '11,U15,Male,MS,18,0,GotSport Rankings,GotSport,https://system.gotsport.com/api/v1/team_ranking_data?search[team_country]=USA&search[age]=15&search[gender]=m&search[page]=318
TFC-Starkville U14 Boys,U15,Male,MS,18,0,GotSport Rankings,GotSport,https://system.gotsport.com/api/v1/team_ranking_data?search[team_country]=USA&search[age]=15&search[gender]=m&search[page]=279
DC Panthers 2011,U15,Male,MS,19,0,GotSport Rankings,GotSport,https://system.gotsport.com/api/v1/team_ranking_data?search[team_country]=USA&search[age]=15&search[gender]=m&search[page]=272
TFC - Starkville 2011/2012 Boys,U15,Male,MS,19,0,GotSport Rankings,GotSport,https://system.gotsport.com/api/v1/team_ranking_data?search[team_country]=USA&search[age]=15&search[gender]=m&search[page]=313
2011/12 Lobos Rush DESOTO White,U15,Male,MS,20,0,GotSport Rankings,GotSport,https://system.gotsport.com/api/v1/team_ranking_data?search[team_country]=USA&search[age]=15&search[gender]=m&search[page]=249
MS Rush United B13 ECNL,U15,Male,MS,20,0,GotSport Rankings,GotSport,https://system.gotsport.com/api/v1/team_ranking_data?search[team_country]=USA&search[age]=15&search[gender]=m&search[page]=223
Mississippi Rush United ECNL B11,U15,Male,MS,20,0,GotSport Rankings,GotSport,https://system.gotsport.com/api/v1/team_ranking_data?search[team_country]=USA&search[age]=15&search[gender]=m&search[page]=267
Tupelo Futbol Club 2011 Boys ECNL-RL,U15,Male,MS,20,0,GotSport Rankings,GotSport,https://system.gotsport.com/api/v1/team_ranking_data?search[team_country]=USA&search[age]=15&search[gender]=m&search[page]=209
MS Rush United 10G West,U16,Female,MS,1,0,GotSport Rankings,GotSport,https://system.gotsport.com/api/v1/team_ranking_data?search[team_country]=USA&search[age]=16&search[gender]=f&search[page]=163
2010 Lady Lobos Rush DESOTO Blue,U16,Female,MS,2,0,GotSport Rankings,GotSport,https://system.gotsport.com/api/v1/team_ranking_data?search[team_country]=USA&search[age]=16&search[gender]=f&search[page]=72
Mississippi Rush United RL G09,U16,Female,MS,2,0,GotSport Rankings,GotSport,https://system.gotsport.com/api/v1/team_ranking_data?search[team_country]=USA&search[age]=16&search[gender]=f&search[page]=16
Oxford FC 2011-2010 Girls,U16,Female,MS,3,0,GotSport Rankings,GotSport,https://system.gotsport.com/api/v1/team_ranking_data?search[team_country]=USA&search[age]=16&search[gender]=f&search[page]=68
SMSC 2010G Elite,U16,Female,MS,5,0,GotSport Rankings,GotSport,https://system.gotsport.com/api/v1/team_ranking_data?search[team_country]=USA&search[age]=16&search[gender]=f&search[page]=37
10 Girls Regional Isensee,U16,Female,MS,6,0,GotSport Rankings,GotSport,https://system.gotsport.com/api/v1/team_ranking_data?search[team_country]=USA&search[age]=16&search[gender]=f&search[page]=146
MS Rush United ECNL-RL G10,U16,Female,MS,6,0,GotSport Rankings,GotSport,https://system.gotsport.com/api/v1/team_ranking_data?search[team_country]=USA&search[age]=16&search[gender]=f&search[page]=94
MS Rush United 10G West GSPL,U16,Female,MS,7,0,GotSport Rankings,GotSport,https://system.gotsport.com/api/v1/team_ranking_data?search[team_country]=USA&search[age]=16&search[gender]=f&search[page]=132
MS Rush United 10G Premier,U16,Female,MS,12,0,GotSport Rankings,GotSport,https://system.gotsport.com/api/v1/team_ranking_data?search[team_country]=USA&search[age]=16&search[gender]=f&search[page]=133
MS Rush United 10G Premier GSPL,U16,Female,MS,12,0,GotSport Rankings,GotSport,https://system.gotsport.com/api/v1/team_ranking_data?search[team_country]=USA&search[age]=16&search[gender]=f&search[page]=104
Tupelo Futbol Club 2010 Girls ECNL-RL,U16,Female,MS,13,0,GotSport Rankings,GotSport,https://system.gotsport.com/api/v1/team_ranking_data?search[team_country]=USA&search[age]=16&search[gender]=f&search[page]=46
MS Rush United 10G Central,U16,Female,MS,15,0,GotSport Rankings,GotSport,https://system.gotsport.com/api/v1/team_ranking_data?search[team_country]=USA&search[age]=16&search[gender]=f&search[page]=121
Mississippi Rush United ECNL RL G10,U16,Female,MS,15,0,GotSport Rankings,GotSport,https://system.gotsport.com/api/v1/team_ranking_data?search[team_country]=USA&search[age]=16&search[gender]=f&search[page]=44
HFC Storm '10,U16,Female,MS,20,0,GotSport Rankings,GotSport,https://system.gotsport.com/api/v1/team_ranking_data?search[team_country]=USA&search[age]=16&search[gender]=f&search[page]=161
Tupelo Futbol Club 2010 Boys ECNL-RL,U16,Male,MS,1,0,GotSport Rankings,GotSport,https://system.gotsport.com/api/v1/team_ranking_data?search[team_country]=USA&search[age]=16&search[gender]=m&search[page]=268
GCUFC 10B Blue,U16,Male,MS,2,0,GotSport Rankings,GotSport,https://system.gotsport.com/api/v1/team_ranking_data?search[team_country]=USA&search[age]=16&search[gender]=m&search[page]=151
IFC 2010 Boys Elite,U16,Male,MS,3,0,GotSport Rankings,GotSport,https://system.gotsport.com/api/v1/team_ranking_data?search[team_country]=USA&search[age]=16&search[gender]=m&search[page]=259
MS Rush United ECNL B10,U16,Male,MS,3,0,GotSport Rankings,GotSport,https://system.gotsport.com/api/v1/team_ranking_data?search[team_country]=USA&search[age]=16&search[gender]=m&search[page]=85
TFC 2010 Boys,U16,Male,MS,4,0,GotSport Rankings,GotSport,https://system.gotsport.com/api/v1/team_ranking_data?search[team_country]=USA&search[age]=16&search[gender]=m&search[page]=103
2010 Lobos Rush DESOTO White,U16,Male,MS,5,0,GotSport Rankings,GotSport,https://system.gotsport.com/api/v1/team_ranking_data?search[team_country]=USA&search[age]=16&search[gender]=m&search[page]=148
IFC 10 Boys Elite,U16,Male,MS,5,0,GotSport Rankings,GotSport,https://system.gotsport.com/api/v1/team_ranking_data?search[team_country]=USA&search[age]=16&search[gender]=m&search[page]=186
Oxford FC 2010 Boys,U16,Male,MS,5,0,GotSport Rankings,GotSport,https://system.gotsport.com/api/v1/team_ranking_data?search[team_country]=USA&search[age]=16&search[gender]=m&search[page]=213
Desoto FC 10B,U16,Male,MS,6,0,GotSport Rankings,GotSport,https://system.gotsport.com/api/v1/team_ranking_data?search[team_country]=USA&search[age]=16&search[gender]=m&search[page]=233
HFC 2009B,U16,Male,MS,7,0,GotSport Rankings,GotSport,https://system.gotsport.com/api/v1/team_ranking_data?search[team_country]=USA&search[age]=16&search[gender]=m&search[page]=254
MSR 10/11/12,U16,Male,MS,8,0,GotSport Rankings,GotSport,https://system.gotsport.com/api/v1/team_ranking_data?search[team_country]=USA&search[age]=16&search[gender]=m&search[page]=265
GCUFC 10B White,U16,Male,MS,9,0,GotSport Rankings,GotSport,https://system.gotsport.com/api/v1/team_ranking_data?search[team_country]=USA&search[age]=16&search[gender]=m&search[page]=252
HFC Thunder 09B,U16,Male,MS,9,0,GotSport Rankings,GotSport,https://system.gotsport.com/api/v1/team_ranking_data?search[team_country]=USA&search[age]=16&search[gender]=m&search[page]=186
MS Rush United ECNL-RL B10,U16,Male,MS,10,0,GotSport Rankings,GotSport,https://system.gotsport.com/api/v1/team_ranking_data?search[team_country]=USA&search[age]=16&search[gender]=m&search[page]=199
Oxford FC,U16,Male,MS,10,0,GotSport Rankings,GotSport,https://system.gotsport.com/api/v1/team_ranking_data?search[team_country]=USA&search[age]=16&search[gender]=m&search[page]=221
IFC 2010 Boys Premier,U16,Male,MS,11,0,GotSport Rankings,GotSport,https://system.gotsport.com/api/v1/team_ranking_data?search[team_country]=USA&search[age]=16&search[gender]=m&search[page]=71
MS Rush United 10B West,U16,Male,MS,11,0,GotSport Rankings,GotSport,https://system.gotsport.com/api/v1/team_ranking_data?search[team_country]=USA&search[age]=16&search[gender]=m&search[page]=181
RDA U15,U16,Male,MS,11,0,GotSport Rankings,GotSport,https://system.gotsport.com/api/v1/team_ranking_data?search[team_country]=USA&search[age]=16&search[gender]=m&search[page]=254
Greenville Blues 2010/11/12 Boys,U16,Male,MS,12,0,GotSport Rankings,GotSport,https://system.gotsport.com/api/v1/team_ranking_data?search[team_country]=USA&search[age]=16&search[gender]=m&search[page]=220
MS Rush United 10B Central,U16,Male,MS,13,0,GotSport Rankings,GotSport,https://system.gotsport.com/api/v1/team_ranking_data?search[team_country]=USA&search[age]=16&search[gender]=m&search[page]=237
MS Rush United 10B ECNL,U16,Male,MS,13,0,GotSport Rankings,GotSport,https://system.gotsport.com/api/v1/team_ranking_data?search[team_country]=USA&search[age]=16&search[gender]=m&search[page]=211
COLUMBUS UNITED 2010-2012 Boys,U16,Male,MS,14,0,GotSport Rankings,GotSport,https://system.gotsport.com/api/v1/team_ranking_data?search[team_country]=USA&search[age]=16&search[gender]=m&search[page]=198
HFC Thunder '10 Navy,U16,Male,MS,15,0,GotSport Rankings,GotSport,https://system.gotsport.com/api/v1/team_ranking_data?search[team_country]=USA&search[age]=16&search[gender]=m&search[page]=258
SMSC 2010B,U16,Male,MS,15,0,GotSport Rankings,GotSport,https://system.gotsport.com/api/v1/team_ranking_data?search[team_country]=USA&search[age]=16&search[gender]=m&search[page]=248
2010 Elite Boys Blue - Story,U16,Male,MS,16,0,GotSport Rankings,GotSport,https://system.gotsport.com/api/v1/team_ranking_data?search[team_country]=USA&search[age]=16&search[gender]=m&search[page]=258
ACADEMY 2010B MLS,U16,Male,MS,16,0,GotSport Rankings,GotSport,https://system.gotsport.com/api/v1/team_ranking_data?search[team_country]=USA&search[age]=16&search[gender]=m&search[page]=105
MS Rush United 09/10B East,U16,Male,MS,17,0,GotSport Rankings,GotSport,https://system.gotsport.com/api/v1/team_ranking_data?search[team_country]=USA&search[age]=16&search[gender]=m&search[page]=248
MS Rush United 10B Central,U16,Male,MS,18,0,GotSport Rankings,GotSport,https://system.gotsport.com/api/v1/team_ranking_data?search[team_country]=USA&search[age]=16&search[gender]=m&search[page]=187
PRSC 10/11 Boys,U16,Male,MS,18,0,GotSport Rankings,GotSport,https://system.gotsport.com/api/v1/team_ranking_data?search[team_country]=USA&search[age]=16&search[gender]=m&search[page]=258
MS Rush United ECNL RL B10,U16,Male,MS,19,0,GotSport Rankings,GotSport,https://system.gotsport.com/api/v1/team_ranking_data?search[team_country]=USA&search[age]=16&search[gender]=m&search[page]=126
2010 Lobos Rush DESOTO Blue,U16,Male,MS,20,0,GotSport Rankings,GotSport,https://system.gotsport.com/api/v1/team_ranking_data?search[team_country]=USA&search[age]=16&search[gender]=m&search[page]=74
MS Rush United 09G Central GSPL,U17,Female,MS,2,0,GotSport Rankings,GotSport,https://system.gotsport.com/api/v1/team_ranking_data?search[team_country]=USA&search[age]=17&search[gender]=f&search[page]=135
HFC Storm '09,U17,Female,MS,3,0,GotSport Rankings,GotSport,https://system.gotsport.com/api/v1/team_ranking_data?search[team_country]=USA&search[age]=17&search[gender]=f&search[page]=128
HFC Storm 08 Navy,U17,Female,MS,3,0,GotSport Rankings,GotSport,https://system.gotsport.com/api/v1/team_ranking_data?search[team_country]=USA&search[age]=17&search[gender]=f&search[page]=124
GCUFC 09G Blue,U17,Female,MS,4,0,GotSport Rankings,GotSport,https://system.gotsport.com/api/v1/team_ranking_data?search[team_country]=USA&search[age]=17&search[gender]=f&search[page]=135
Mississippi Rush United ECNL RL G09,U17,Female,MS,4,0,GotSport Rankings,GotSport,https://system.gotsport.com/api/v1/team_ranking_data?search[team_country]=USA&search[age]=17&search[gender]=f&search[page]=79
Mississippi Rush United RL G08,U17,Female,MS,4,0,GotSport Rankings,GotSport,https://system.gotsport.com/api/v1/team_ranking_data?search[team_country]=USA&search[age]=17&search[gender]=f&search[page]=14
MS Rush United 09G West,U17,Female,MS,5,0,GotSport Rankings,GotSport,https://system.gotsport.com/api/v1/team_ranking_data?search[team_country]=USA&search[age]=17&search[gender]=f&search[page]=133
2009 Lady Lobos Rush DESOTO Blue,U17,Female,MS,6,0,GotSport Rankings,GotSport,https://system.gotsport.com/api/v1/team_ranking_data?search[team_country]=USA&search[age]=17&search[gender]=f&search[page]=65
Alliance FC 2009-10 girls,U17,Female,MS,9,0,GotSport Rankings,GotSport,https://system.gotsport.com/api/v1/team_ranking_data?search[team_country]=USA&search[age]=17&search[gender]=f&search[page]=134
MS Rush United 09G Central,U17,Female,MS,10,0,GotSport Rankings,GotSport,https://system.gotsport.com/api/v1/team_ranking_data?search[team_country]=USA&search[age]=17&search[gender]=f&search[page]=69
MS Rush United 09G East,U17,Female,MS,10,0,GotSport Rankings,GotSport,https://system.gotsport.com/api/v1/team_ranking_data?search[team_country]=USA&search[age]=17&search[gender]=f&search[page]=134
IFC 09/10 Girls Elite,U17,Female,MS,11,0,GotSport Rankings,GotSport,https://system.gotsport.com/api/v1/team_ranking_data?search[team_country]=USA&search[age]=17&search[gender]=f&search[page]=135
SMSC 2009G,U17,Female,MS,11,0,GotSport Rankings,GotSport,https://system.gotsport.com/api/v1/team_ranking_data?search[team_country]=USA&search[age]=17&search[gender]=f&search[page]=55
HFC Storm '09,U17,Female,MS,13,0,GotSport Rankings,GotSport,https://system.gotsport.com/api/v1/team_ranking_data?search[team_country]=USA&search[age]=17&search[gender]=f&search[page]=45
IFC 09/10 Girls Premier,U17,Female,MS,13,0,GotSport Rankings,GotSport,https://system.gotsport.com/api/v1/team_ranking_data?search[team_country]=USA&search[age]=17&search[gender]=f&search[page]=31
MS Rush United 09G Premier GSPL,U17,Female,MS,13,0,GotSport Rankings,GotSport,https://system.gotsport.com/api/v1/team_ranking_data?search[team_country]=USA&search[age]=17&search[gender]=f&search[page]=78
GCUFC 09G Blue,U17,Female,MS,14,0,GotSport Rankings,GotSport,https://system.gotsport.com/api/v1/team_ranking_data?search[team_country]=USA&search[age]=17&search[gender]=f&search[page]=104
MS Rush United 09G Premier,U17,Female,MS,15,0,GotSport Rankings,GotSport,https://system.gotsport.com/api/v1/team_ranking_data?search[team_country]=USA&search[age]=17&search[gender]=f&search[page]=33
Delta Red Bulls 2009G,U17,Female,MS,16,0,GotSport Rankings,GotSport,https://system.gotsport.com/api/v1/team_ranking_data?search[team_country]=USA&search[age]=17&search[gender]=f&search[page]=114
Tupelo Futbol Club 2009 Girls ECNL-RL,U17,Female,MS,17,0,GotSport Rankings,GotSport,https://system.gotsport.com/api/v1/team_ranking_data?search[team_country]=USA&search[age]=17&search[gender]=f&search[page]=106
Crossfire 09/10,U17,Female,MS,20,0,GotSport Rankings,GotSport,https://system.gotsport.com/api/v1/team_ranking_data?search[team_country]=USA&search[age]=17&search[gender]=f&search[page]=106
Oxford FC 2009-10 Girls,U17,Female,MS,20,0,GotSport Rankings,GotSport,https://system.gotsport.com/api/v1/team_ranking_data?search[team_country]=USA&search[age]=17&search[gender]=f&search[page]=128
Desoto FC 09B,U17,Male,MS,3,0,GotSport Rankings,GotSport,https://system.gotsport.com/api/v1/team_ranking_data?search[team_country]=USA&search[age]=17&search[gender]=m&search[page]=66
Columbus United 2009 Boys,U17,Male,MS,5,0,GotSport Rankings,GotSport,https://system.gotsport.com/api/v1/team_ranking_data?search[team_country]=USA&search[age]=17&search[gender]=m&search[page]=164
MS Rush United 09B Premier II,U17,Male,MS,5,0,GotSport Rankings,GotSport,https://system.gotsport.com/api/v1/team_ranking_data?search[team_country]=USA&search[age]=17&search[gender]=m&search[page]=207
IFC 09 Boys Elite,U17,Male,MS,7,0,GotSport Rankings,GotSport,https://system.gotsport.com/api/v1/team_ranking_data?search[team_country]=USA&search[age]=17&search[gender]=m&search[page]=206
GCUFC 09B White,U17,Male,MS,8,0,GotSport Rankings,GotSport,https://system.gotsport.com/api/v1/team_ranking_data?search[team_country]=USA&search[age]=17&search[gender]=m&search[page]=224
MS Rush United ECNL RL B09,U17,Male,MS,9,0,GotSport Rankings,GotSport,https://system.gotsport.com/api/v1/team_ranking_data?search[team_country]=USA&search[age]=17&search[gender]=m&search[page]=152
2009 Lobos Rush DESOTO Blue,U17,Male,MS,10,0,GotSport Rankings,GotSport,https://system.gotsport.com/api/v1/team_ranking_data?search[team_country]=USA&search[age]=17&search[gender]=m&search[page]=133
IFC 09 Boys Premier.,U17,Male,MS,11,0,GotSport Rankings,GotSport,https://system.gotsport.com/api/v1/team_ranking_data?search[team_country]=USA&search[age]=17&search[gender]=m&search[page]=140
Desoto FC HS Boys,U17,Male,MS,14,0,GotSport Rankings,GotSport,https://system.gotsport.com/api/v1/team_ranking_data?search[team_country]=USA&search[age]=17&search[gender]=m&search[page]=213
IFC 09/10 Boys Elite,U17,Male,MS,15,0,GotSport Rankings,GotSport,https://system.gotsport.com/api/v1/team_ranking_data?search[team_country]=USA&search[age]=17&search[gender]=m&search[page]=207
Invictus FC Purple B2009,U17,Male,MS,17,0,GotSport Rankings,GotSport,https://system.gotsport.com/api/v1/team_ranking_data?search[team_country]=USA&search[age]=17&search[gender]=m&search[page]=226
HFC Thunder '09 Navy,U17,Male,MS,18,0,GotSport Rankings,GotSport,https://system.gotsport.com/api/v1/team_ranking_data?search[team_country]=USA&search[age]=17&search[gender]=m&search[page]=79
Tupelo Futbol Club 2009 Boys ECNL-RL,U17,Male,MS,18,0,GotSport Rankings,GotSport,https://system.gotsport.com/api/v1/team_ranking_data?search[team_country]=USA&search[age]=17&search[gender]=m&search[page]=106
MS Rush United 09B Central,U17,Male,MS,20,0,GotSport Rankings,GotSport,https://system.gotsport.com/api/v1/team_ranking_data?search[team_country]=USA&search[age]=17&search[gender]=m&search[page]=214
MS Rush United 09B West,U17,Male,MS,20,0,GotSport Rankings,GotSport,https://system.gotsport.com/api/v1/team_ranking_data?search[team_country]=USA&search[age]=17&search[gender]=m&search[page]=159
Cannon High Girls 2008-2012,U18,Female,MS,4,0,GotSport Rankings,GotSport,https://system.gotsport.com/api/v1/team_ranking_data?search[team_country]=USA&search[age]=18&search[gender]=f&search[page]=81
2008 Elite Girls Blue - Handy/Taylor,U18,Female,MS,5,0,GotSport Rankings,GotSport,https://system.gotsport.com/api/v1/team_ranking_data?search[team_country]=USA&search[age]=18&search[gender]=f&search[page]=61
MS Rush United ECNL RL G08,U18,Female,MS,6,0,GotSport Rankings,GotSport,https://system.gotsport.com/api/v1/team_ranking_data?search[team_country]=USA&search[age]=18&search[gender]=f&search[page]=15
GCUFC 08G Blue,U18,Female,MS,13,0,GotSport Rankings,GotSport,https://system.gotsport.com/api/v1/team_ranking_data?search[team_country]=USA&search[age]=18&search[gender]=f&search[page]=48
Tupelo Futbol Club 2008 Girls ECNL-RL,U18,Female,MS,15,0,GotSport Rankings,GotSport,https://system.gotsport.com/api/v1/team_ranking_data?search[team_country]=USA&search[age]=18&search[gender]=f&search[page]=3
MS Rush United 08B West,U18,Male,MS,1,0,GotSport Rankings,GotSport,https://system.gotsport.com/api/v1/team_ranking_data?search[team_country]=USA&search[age]=18&search[gender]=m&search[page]=134
GCUFC 08B Blue,U18,Male,MS,8,0,GotSport Rankings,GotSport,https://system.gotsport.com/api/v1/team_ranking_data?search[team_country]=USA&search[age]=18&search[gender]=m&search[page]=62
2008 Lobos Rush DESOTO Blue,U18,Male,MS,10,0,GotSport Rankings,GotSport,https://system.gotsport.com/api/v1/team_ranking_data?search[team_country]=USA&search[age]=18&search[gender]=m&search[page]=40
IFC 08 Boys Premier,U18,Male,MS,10,0,GotSport Rankings,GotSport,https://system.gotsport.com/api/v1/team_ranking_data?search[team_country]=USA&search[age]=18&search[gender]=m&search[page]=83
Tupelo Futbol Club 2008 Boys ECNL-RL,U18,Male,MS,10,0,GotSport Rankings,GotSport,https://system.gotsport.com/api/v1/team_ranking_data?search[team_country]=USA&search[age]=18&search[gender]=m&search[page]=58
MS Rush United 08B Elite Regional,U18,Male,MS,14,0,GotSport Rankings,GotSport,https://system.gotsport.com/api/v1/team_ranking_data?search[team_country]=USA&search[age]=18&search[gender]=m&search[page]=90
MS Rush United ECNL B08,U18,Male,MS,14,0,GotSport Rankings,GotSport,https://system.gotsport.com/api/v1/team_ranking_data?search[team_country]=USA&search[age]=18&search[gender]=m&search[page]=38
Academy STARS 2008,U18,Male,MS,15,0,GotSport Rankings,GotSport,https://system.gotsport.com/api/v1/team_ranking_data?search[team_country]=USA&search[age]=18&search[gender]=m&search[page]=24
Mississippi Rush United ECNL RL B08,U18,Male,MS,16,0,GotSport Rankings,GotSport,https://system.gotsport.com/api/v1/team_ranking_data?search[team_country]=USA&search[age]=18&search[gender]=m&search[page]=96
MS Rush United 08/09B Central,U18,Male,MS,17,0,GotSport Rankings,GotSport,https://system.gotsport.com/api/v1/team_ranking_data?search[team_country]=USA&search[age]=18&search[gender]=m&search[page]=125
MSR 08/09 Boys,U18,Male,MS,17,0,GotSport Rankings,GotSport,https://system.gotsport.com/api/v1/team_ranking_data?search[team_country]=USA&search[age]=18&search[gender]=m&search[page]=133
MS Rush United 08B ECNL-RL,U18,Male,MS,19,0,GotSport Rankings,GotSport,https://system.gotsport.com/api/v1/team_ranking_data?search[team_country]=USA&search[age]=18&search[gender]=m&search[page]=133
GCUFC 08B White,U18,Male,MS,20,0,GotSport Rankings,GotSport,https://system.gotsport.com/api/v1/team_ranking_data?search[team_country]=USA&search[age]=18&search[gender]=m&search[page]=104
MS Rush United 2008B West,U18,Male,MS,20,0,GotSport Rankings,GotSport,https://system.gotsport.com/api/v1/team_ranking_data?search[team_country]=USA&search[age]=18&search[gender]=m&search[page]=134
MS Rush 13G Madison Premier,U13,Female,MS,9,0,GotSport Rankings,,https://system.gotsport.com/api/v1/team_ranking_data?search[team_country]=USA&search[age]=13&search[gender]=f&search[page]=124
2012 Lady Lobos Rush DESOTO Blue,U14,Female,MS,7,0,GotSport Rankings,,https://system.gotsport.com/api/v1/team_ranking_data?search[team_country]=USA&search[age]=14&search[gender]=f&search[page]=64
MS Rush United ECNL B09,U17,Male,MS,9,0,GotSport Rankings,,https://system.gotsport.com/api/v1/team_ranking_data?search[team_country]=USA&search[age]=17&search[gender]=m&search[page]=77
